User,City
julienma,Krabi
julienma,Singapore
julienma,Bangkok
julienma,Chiang Mai
julienma,Siem Reap
julienma,Ho Chi Minh City
julienma,Hanoi
julienma,Hong Kong
julienma,Tokyo
julienma,Osaka
julienma,Kyoto
julienma,Hiroshima
julienma,Fujikawaguchiko
julienma,Chambéry
julienma,Montreal
julienma,Toronto
julienma,Vancouver
julienma,Banff
julienma,Montreal
julienma,Havana
julienma,Playa Larga
julienma,Trinidad
julienma,Cienfuegos
julienma,Varadero
julienma,Vinales
julienma,Havana
julienma,Cancun
julienma,Mexico City
julienma,Tulum
julienma,Merida
julienma,Playa del Carmen
julienma,Bogota
julienma,Santiago
julienma,Valpara
julienma,Atacama
julienma,Santiago
julienma,Valdivia
julienma,Pucón
julienma,Santiago
julienma,Rio de Janeiro
julienma,Iguazu Falls
julienma,Florianopolis
julienma,São Paulo
julienma,Chambéry
julienma,Milan
julienma,Orta San Giulio
belle_,Singapore
belle_,"Canggu, Bali"
belle_,Sydney
belle_,Cairns
belle_,Sydney
belle_,Bangkok
belle_,Ko Samui
belle_,Jakarta
belle_,"Kuta, Bali"
belle_,Singapore
belle_,Bangkok
mona_solberg,Oslo
mona_solberg,Lake Powell
mona_solberg,"Los Angeles, CA"
mona_solberg,"Seattle, WA"
mona_solberg,Vancouver
mona_solberg,"Honolulu, Hawaii"
mona_solberg,Auckland
mona_solberg,Brisbane
mona_solberg,Cairns
mona_solberg,Melbourne
mona_solberg,Sydney
mona_solberg,Manila
mona_solberg,Tokyo
mona_solberg,Seoul
mona_solberg,Taipei City
mona_solberg,Hanoi
mona_solberg,Ko Lanta
mona_solberg,Old Bagan
mona_solberg,Kuala Lumpur
mona_solberg,"George Town, Penang"
mona_solberg,Singapore
mona_solberg,"Ubud, Bali"
mona_solberg,Haugesund
mona_solberg,Aarhus
mona_solberg,Malaga
ianhunter,Melbourne
ianhunter,Barcelona
ianhunter,"San Diego, CA"
ianhunter,Lima
ianhunter,Montañita
ianhunter,Cartagena
ianhunter,"Nashville, TN"
snuew,Melbourne
snuew,Palma de Mallorca
snuew,"Canggu, Bali"
snuew,Kuala Lumpur
snuew,Ko Lanta
snuew,Chiang Mai
snuew,Rayong
snuew,Macau
snuew,Guangzhou
snuew,Hong Kong
snuew,Chiang Mai
snuew,Bangkok
snuew,Hannover
snuew,Barcelona
snuew,SantanyĜxad
nomads_and_drifters,Sydney
nomads_and_drifters,Melbourne
nomads_and_drifters,"Ubud, Bali"
spruce,Sydney
spruce,Melbourne
spruce,"Ubud, Bali"
cbovis,Melbourne
cbovis,Kuala Lumpur
ubersmile,Tokyo
ubersmile,Hong Kong
ubersmile,"Seattle, WA"
ubersmile,"Chicago, IL"
ubersmile,"Washington, DC"
ubersmile,"New York City, NY"
ubersmile,Hamburg
ubersmile,Copenhagen
ubersmile,Stockholm
ubersmile,Tallinn
ubersmile,Helsinki
ubersmile,Tallinn
ubersmile,Moscow
ubersmile,London
ubersmile,Dublin
ubersmile,Liverpool
ubersmile,Bristol
ubersmile,Bath
ubersmile,Cambridge
ubersmile,Edinburgh
davidpeake,Glasgow
davidpeake,London
davidpeake,Oxford
davidpeake,Birmingham
davidpeake,London
davidpeake,Paris
davidpeake,Amsterdam
davidpeake,Brussels
davidpeake,Berlin
davidpeake,Munich
davidpeake,Zurich
davidpeake,Milan
davidpeake,Rome
davidpeake,Santorini
davidpeake,Athens
davidpeake,Dubai
davidpeake,Colombo
davidpeake,Kuala Lumpur
davidpeake,Jakarta
davidpeake,Melbourne
davidpeake,Auckland
davidpeake,Sydney
davidpeake,Singapore
davidpeake,Bangkok
davidpeake,Ho Chi Minh City
davidpeake,Kaohsiung
davidpeake,Tainan
davidpeake,Taichung
davidpeake,Taipei
davidpeake,Hong Kong
davidpeake,Tokyo
davidpeake,Komatsu
davidpeake,Tokyo
davidpeake,Hong Kong
davidpeake,Tokyo
davidpeake,Hong Kong
davidpeake,Pyongyang
davidpeake,Dandong
davidpeake,Shanghai
davidpeake,Hong Kong
davidpeake,Tokyo
haydenjameslee,Hong Kong
haydenjameslee,"San Francisco, CA"
haydenjameslee,Hong Kong
haydenjameslee,"San Francisco, CA"
haydenjameslee,Tokyo
haydenjameslee,Tokyo
haydenjameslee,"San Francisco, CA"
haydenjameslee,Tokyo
haydenjameslee,Taipei
haydenjameslee,Yamanashi Prefecture
haydenjameslee,Tokyo
haydenjameslee,Tokyo
haydenjameslee,Karuizawa
haydenjameslee,Tokyo
haydenjameslee,Kyoto
haydenjameslee,Hiroshima
haydenjameslee,Fukuoka
haydenjameslee,Auckland
haydenjameslee,Melbourne
haydenjameslee,Melbourne
haydenjameslee,Melbourne
haydenjameslee,Bangkok
haydenjameslee,Coron
haydenjameslee,Shenzhen
haydenjameslee,Guangzhou
haydenjameslee,Ho Chi Minh City
haydenjameslee,"Los Angeles, CA"
haydenjameslee,"San Francisco, CA"
haydenjameslee,"New York City, NY"
haydenjameslee,"Los Angeles, CA"
haydenjameslee,Hong Kong
haydenjameslee,Melbourne
haydenjameslee,Hong Kong
haydenjameslee,Bangkok
haydenjameslee,Hong Kong
haydenjameslee,Bangkok
haydenjameslee,Hong Kong
haydenjameslee,Hadera
haydenjameslee,Nicosia
haydenjameslee,Larnaca
haydenjameslee,Kutaisi
allan,Tbilisi
allan,Yerevan
allan,Tbilisi
allan,Belgrade
allan,Warsaw
allan,Poznan
allan,Cologne
allan,Dusseldorf
allan,Dortmund
allan,Bucharest
allan,Pitești
allan,Bucharest
allan,Vama Veche
allan,Bucharest
allan,Timisoara
allan,Bucharest
allan,Paphos
allan,Sofia
allan,Melbourne
allan,Shanghai
allan,Athens
allan,Bucharest
allan,Amsterdam
allan,Harlech
allan,Glasgow
allan,Bristol
allan,London
allan,Brighton
allan,London
allan,Vienna
allan,Graz
allan,Ljubljana
allan,Zagreb
allan,Melbourne
allan,Glenaire
allan,Melbourne
allan,"Ubud, Bali"
allan,Berlin
allan,Prague
allan,Kraków
allan,Munich
allan,London
allan,Hong Kong
allan,Hanoi
allan,Siem Reap
allan,Phnom Penh
allan,Ko Lanta District
allan,"Ubud, Bali"
allan,"Canggu, Bali"
allan,"Kuta, Bali"
allan,Phang-nga
allan,Khao Sok National Park
allan,Ao Nang
allan,Ko Phi Phi
allan,Phuket
allan,"Austin, TX"
allan,Vermont
allan,"New York City, NY"
allan,Kuala Lumpur
allan,Kuching
allan,Singapore
allan,Chiang Mai
allan,Ho Chi Minh City
allan,Chiang Mai
allan,Bangkok
allan,"George Town, Penang"
allan,Melbourne
allan,Berkeley
allan,"Seattle, WA"
allan,"Nashville, TN"
allan,Blacksburg
allan,Cayman Islands
allan,"Boston, MA"
allan,"Rochester, NY"
allan,Melbourne
allan,Hong Kong
allan,Seoul
allan,Melbourne
allan,Melbourne
allan,Wellington
allan,Auckland
allan,Wellington
allan,Melbourne
allan,Toronto
allan,Salina
allan,Toronto
allan,Melbourne
allan,Doha
allan,"New York City, NY"
allan,Toronto
allan,Artemas
allan,"New York City, NY"
allan,Melbourne
allan,"New York City, NY"
allan,Melbourne
allan,Manakau
allan,Melbourne
allan,Brisbane
allan,Toronto
allan,Bath
allan,Toronto
allan,Salina
allan,Toronto
allan,"Ithaca, NY"
allan,Summertown
allan,Decorah
allan,"Ithaca, NY"
allan,Toronto
allan,Artemas
allan,Toronto
allan,Salina
allan,Toronto
allan,Melbourne
allan,Perth
allan,Brisbane
allan,Gin Gin
allan,Childers
allan,Brisbane
allan,Melbourne
allan,Toronto
allan,Salina
allan,Toronto
allan,Salina
allan,Toronto
allan,Vancouver
allan,Kaslo
allan,Toronto
allan,Manakau
allan,Melbourne
unicycle,Toronto
unicycle,Vancouver
unicycle,Auckland
unicycle,Manakau
unicycle,Parihaka Gate
unicycle,Kopu
unicycle,Thames
unicycle,Waikanae
unicycle,Maungakaramea
unicycle,Taupo
unicycle,Ngaruawahia
unicycle,Manakau
unicycle,Blenheim
unicycle,Christchurch
unicycle,Ashburton
unicycle,Patons Rock
unicycle,Blenheim
unicycle,Wellington
unicycle,Manakau
unicycle,Gisborne
unicycle,Hastings
unicycle,Auckland
unicycle,Kaiwaka
unicycle,Oneriri Road
unicycle,Manakau
unicycle,Levin
unicycle,Palmerston North
unicycle,Shannon
unicycle,Manakau
unicycle,Te Horo
unicycle,Manakau
unicycle,Upper Hutt
unicycle,Waikanae
unicycle,Waikawa
unicycle,Blenheim
unicycle,Kaikoura
unicycle,Toronto
unicycle,Christchurch
unicycle,Melbourne
unicycle,Montreal
unicycle,Toronto
unicycle,Copenhagen
unicycle,Berlin
unicycle,Hedensted
unicycle,Berlin
unicycle,Münster
unicycle,Brussels
unicycle,Amsterdam
unicycle,Toronto
unicycle,Montreal-
unicycle,Quebec City-
unicycle,Toronto
unicycle,Perth
unicycle,Hong Kong
unicycle,Hedensted
unicycle,London
unicycle,Toronto
unicycle,Ontario
unicycle,Cayo Santa MarĜxada
unicycle,Ontario
unicycle,Caracas
unicycle,Bogota
unicycle,Ontario
unicycle,Hedensted
unicycle,Ontario
unicycle,"Miami, FL"
unicycle,Ontario
unicycle,Hedensted
danny,Reykjavik
danny,Ontario
danny,Bogota
danny,Ontario
danny,Hedensted
danny,Ontario
danny,"Miami, FL"
danny,Ontario
danny,"Buffalo, NY"
danny,Ontario
danny,Devon
danny,Sliema
danny,Valencia
danny,London
danny,Memmingen
danny,Füssen
danny,Ljubljana
danny,Zagreb
danny,Split
danny,Dubrovnik
danny,Madrid
danny,Mexico City
danny,Puerto Vallarta
danny,San José
danny,Manuel Antonio
danny,Monteverde
danny,Poasito
danny,San José
danny,San Pedro La Laguna
danny,Antigua
danny,Sámara
danny,La Fortuna
danny,Puerto Viejo
danny,Boquete
danny,Panama City
danny,Oranjestad
danny,MedellĜxadn
danny,Devon
danny,Grenoble
danny,Devon
danny,Chiang Mai
danny,Krong Preah Sihanouk
danny,Siem Reap
danny,Hanoi
danny,Cat Ba
danny,Hanoi
danny,Singapore
danny,Kuala Lumpur
danny,Devon
danny,Kuala Lumpur
danny,Cambridge
danny,Quito
danny,Santa Marianita
danny,Huaraz
danny,Lima
danny,Cusco
danny,Copacabana
danny,La Paz
danny,Sucre
danny,Uyuni
danny,San Pedro de Atacama
danny,Iquique
danny,Arica
danny,Santiago
riyadhalnur,Cambridge
riyadhalnur,Ko Tao
riyadhalnur,Luang Prabang
riyadhalnur,Vang Vieng
riyadhalnur,Vientiane
riyadhalnur,Cát BĜxa0 Island
riyadhalnur,Hanoi
riyadhalnur,Ho Chi Minh City
florianbuerger,Thailand
florianbuerger,London
florianbuerger,Melbourne
florianbuerger,Sydney
florianbuerger,Gold Coast
florianbuerger,Perth
florianbuerger,Gdansk
florianbuerger,Budapest
florianbuerger,Malmo
florianbuerger,Hitra
florianbuerger,Malmo
florianbuerger,Tokyo
florianbuerger,Cebu
florianbuerger,Chiang Mai
florianbuerger,Cebu
florianbuerger,Malmo
florianbuerger,Palm Bay
florianbuerger,"Boston, MA"
florianbuerger,Malmo
florianbuerger,Kongsberg
florianbuerger,Trondheim
florianbuerger,Fjellværsøya
florianbuerger,Malmo
florianbuerger,Stockholm
florianbuerger,Hong Kong
florianbuerger,Cebu
florianbuerger,Siquijor
florianbuerger,Davao
florianbuerger,Cebu
florianbuerger,Kuala Lumpur
florianbuerger,Chiang Mai
florianbuerger,Hong Kong
florianbuerger,Malmo
florianbuerger,Stockholm
florianbuerger,"Los Angeles, CA"
florianbuerger,"Denver, CO"
florianbuerger,"Orlando, FL"
florianbuerger,Stockholm
florianbuerger,Malmo
florianbuerger,Budapest
florianbuerger,Fillan
florianbuerger,Malmo
florianbuerger,Chiang Mai
florianbuerger,Ho Chi Minh City
florianbuerger,Chiang Mai
florianbuerger,Hong Kong
florianbuerger,Boracay
florianbuerger,Cebu
florianbuerger,Manila
florianbuerger,Seoul
florianbuerger,Malmo
florianbuerger,Linköping
florianbuerger,Stockholm
florianbuerger,Hong Kong
florianbuerger,Bangkok
reustle,Phuket
reustle,Stockholm
reustle,Malmo
reustle,Hitra
reustle,Oslo
reustle,Stockholm
reustle,Malmo
reustle,Amsterdam
reustle,Hong Kong
reustle,Chiang Mai
reustle,Kuala Lumpur
reustle,Cebu
reustle,Chiang Mai
reustle,Bangkok
reustle,Copenhagen
reustle,Redang Island
reustle,Mangsit
reustle,Kuala Lumpur
reustle,Singapore
reustle,Kathmandu
reustle,Kathmandu
reustle,Kolkata
reustle,Cambridge
reustle,Cape Town
reustle,Lisbon
reustle,Sitges
reustle,Barcelona
reustle,Hamburg
reustle,Berlin
reustle,Tallinn
reustle,Stockholm
reustle,Oslo
reustle,Hamilton
reustle,Toronto
reustle,"Seattle, WA"
reustle,Mount Hood
reustle,Hyatt Lake Road
reustle,West Point
reustle,Shaver Lake
reustle,Los Gatos
reustle,San Jose
reustle,"Seattle, WA"
reustle,"New York City, NY"
reustle,Lisbon
reustle,Oslo
reustle,Budapest
reustle,Kassel
reustle,Skye
reustle,Fort William
reustle,Glasgow
reustle,London
reustle,Prague
reustle,Kassel
reustle,Santa Teresa
reustle,Calgary
reustle,Toronto
reustle,"San Francisco, CA"
reustle,"San Jose, CA"
reustle,"Seattle, WA"
reustle,Vancouver
reustle,Montreal
reustle,Bolton-Est
reustle,Montreal
reustle,Stockholm
reustle,Geilo
reustle,Bergen
reustle,Oslo
reustle,Hamburg
reustle,Amsterdam
reustle,Stuttgart
reustle,Singapore
reustle,Kuala Lumpur
reustle,"Canggu, Bali"
reustle,Kuala Lumpur
reustle,"George Town, Penang"
reustle,Ko Lanta
reustle,Bangkok
reustle,Stuttgart
reustle,Tokyo
reustle,"New York City, NY"
reustle,Tokyo
reustle,Shanghai
reustle,Beijing
reustle,Ulaanbaatar
reustle,Irkutsk
reustle,Yekaterinburg
reustle,Moscow
reustle,Saint Petersburg
reustle,Beijing
reustle,Helsinki
reustle,Tallinn
reustle,Riga
reustle,Vilnius
reustle,Białystok
reustle,Warsaw
reustle,Berlin
reustle,Frankfurt
reustle,Utrecht
reustle,Amsterdam
reustle,Warsaw
reustle,Gdansk
reustle,Stockholm
reustle,Oslo
reustle,Flåm
reustle,Bergen
reustle,Berlin
reustle,Cologne
reustle,Antwerp
reustle,Rotterdam
reustle,Utrecht
reustle,"New York City, NY"
reustle,Toronto-
reustle,Montreal-
reustle,Marrakesh
reustle,Tangier
reustle,Algeciras
reustle,Seville
reustle,Barcelona
reustle,Tokyo
reustle,Hakodate
reustle,Sapporo
reustle,Sitka
reustle,Vancouver
reustle,"New York City, NY"
reustle,Hong Kong
reustle,Hanoi
reustle,Hong Kong
reustle,Shanghai
reustle,Seoul
reustle,Tokyo
reustle,Taipei
reustle,Yokohama
reustle,Tokyo
reustle,Kuala Lumpur
reustle,"Ubud, Bali"
reustle,"San Francisco, CA"
reustle,Tulsa
reustle,Fayetteville
scottyallen,"New York City, NY"
scottyallen,Tokyo
scottyallen,"New York City, NY"
scottyallen,Amsterdam
scottyallen,London
scottyallen,Bangkok
scottyallen,London
scottyallen,Bristol
scottyallen,Liverpool
scottyallen,Edinburgh
scottyallen,Barcelona
scottyallen,Marseille
scottyallen,Geneva
scottyallen,Bern
scottyallen,Zurich
scottyallen,Milan
scottyallen,Rome
scottyallen,Bari
scottyallen,Naples
scottyallen,San Martino di Castrozza
scottyallen,Venice
scottyallen,Salzburg
scottyallen,Vienna
scottyallen,Bratislava
scottyallen,Prague
scottyallen,Berlin
scottyallen,Chojnice
scottyallen,Seoul
scottyallen,Jeju Island
scottyallen,Busan
scottyallen,Fukuoka
scottyallen,Tokyo
scottyallen,Bangkok
scottyallen,"George Town, Penang"
scottyallen,Bangkok
scottyallen,Hanoi
scottyallen,Da Nang
scottyallen,Ho Chi Minh City
scottyallen,Siem Reap
scottyallen,Bangkok
scottyallen,"New York City, NY"
scottyallen,Bangkok
scottyallen,Hong Kong
scottyallen,Bangkok
scottyallen,Vientiane
scottyallen,Bangkok
scottyallen,Osaka
scottyallen,Tokyo
scottyallen,Bangkok
scottyallen,Chiang Mai
scottyallen,Bangkok
scottyallen,Ko Pha Ngan
scottyallen,Kuala Lumpur
scottyallen,Tokyo
scottyallen,Kuala Lumpur
scottyallen,Singapore
scottyallen,Batam City
scottyallen,Probolinggo
scottyallen,Jakarta
scottyallen,"Ubud, Bali"
scottyallen,Bangkok
scottyallen,Mandalay
scottyallen,Yangon
scottyallen,Bangkok
scottyallen,Ko Pha Ngan
scottyallen,"New York City, NY"
scottyallen,Lima
scottyallen,Cusco
scottyallen,"New York City, NY"
scottyallen,Bergen
scottyallen,Flåm
scottyallen,Aarhus
polinakocheva,Copenhagen
polinakocheva,Berlin
polinakocheva,"Austin, TX"
polinakocheva,"New York City, NY"
polinakocheva,"Orlando, FL"
polinakocheva,"New York City, NY"
polinakocheva,Shenzhen
kutniy,Tokyo
kutniy,Shenzhen
kutniy,Mexico City
kutniy,"Denver, CO"
kutniy,"Seattle, WA"
kutniy,"New York City, NY"
kutniy,Shenzhen
kutniy,Phuket
kutniy,Shenzhen
kutniy,Yiwu
yliasm,Shenzhen
yliasm,"Canggu, Bali"
yliasm,Shenzhen
yliasm,Chiang Mai
yliasm,Leipzig
yliasm,Berlin
yliasm,"Denver, CO"
yliasm,"San Francisco, CA"
yliasm,"San Francisco, CA"
yliasm,"Los Angeles, CA"
yliasm,Shenzhen
yliasm,Kolkata
yliasm,Mumbai
yliasm,Dubai
yliasm,Prague
yliasm,"San Francisco, CA"
yliasm,"Los Angeles, CA"
yliasm,"San Francisco, CA"
yliasm,Shenzhen
yliasm,"Canggu, Bali"
yliasm,Shenzhen
yliasm,Amsterdam
yliasm,Hamburg
yliasm,Chiang Mai Thailand
yliasm,Kuala Lumpur
yliasm,Chiang Mai
yliasm,Shenzhen
yliasm,Bangkok
yliasm,Bishkek
yliasm,Gustavus
yliasm,"San Francisco, CA"
yliasm,"New York City, NY"
yliasm,"San Francisco, CA"
yliasm,Shenzhen
yliasm,Chiang Mai
yliasm,Shenzhen
yliasm,Berlin
yliasm,Hamburg
yliasm,Belize City
yliasm,Shanghai
yliasm,Shenzhen
yliasm,Beijing
yliasm,Shanghai
yliasm,Hong Kong
yliasm,Brussels
jessehanley,Scotland
jessehanley,Slovenia
jessehanley,Paris
jessehanley,Cannes
jessehanley,Berlin
jessehanley,United States
jessehanley,Ko Lanta
jessehanley,Chiang Mai
jessehanley,"Ubud, Bali"
jessehanley,"San Francisco, CA"
jessehanley,Bangkok
jessehanley,Singapore
jessehanley,Da Nang
jessehanley,Chiang Mai
jessehanley,"San Francisco, CA"
jessehanley,Turks and Caicos Islands
jessehanley,"Canggu, Bali"
jessehanley,Kuala Lumpur
jessehanley,Ho Chi Minh City
jessehanley,Chiang Mai
jessehanley,Sofia
jessehanley,Barcelona
jessehanley,Hamilton
jessehanley,Playa del Carmen
jessehanley,Dnipro
jessehanley,Istanbul
jessehanley,Iran
jessehanley,"Canggu, Bali"
jessehanley,Singapore
jessehanley,Thoddoo
jessehanley,Bangkok
jessehanley,Ko Samui
jessehanley,Kuala Lumpur
jessehanley,Beirut
jessehanley,Larnaca
jessehanley,Paris
jessehanley,Larnaca
jessehanley,Amman
jessehanley,Larnaca
jessehanley,Paris
jessehanley,Coventry
jessehanley,Brioude
jessehanley,Larnaca
jessehanley,Grenoble
jessehanley,Larnaca
jessehanley,Coventry
jessehanley,Brioude
jessehanley,Coventry
jessehanley,Porto
jessehanley,Plovdiv
jessehanley,Brioude
jessehanley,Paris
jessehanley,Fes
jessehanley,Taghazout
jessehanley,Marbella
jessehanley,Seville
jessehanley,Paris
jessehanley,Brioude
jessehanley,Lyon
jessehanley,Grenoble
jessehanley,Brioude
jessehanley,Paris
jessehanley,Brioude
lopesrosanna,Paris
lopesrosanna,Dubai
lopesrosanna,"Canggu, Bali"
lopesrosanna,Chiang Mai
lopesrosanna,"George Town, Penang"
lopesrosanna,"Canggu, Bali"
lopesrosanna,"Ubud, Bali"
lopesrosanna,Kuala Lumpur
lopesrosanna,France
lopesrosanna,Amsterdam
lopesrosanna,France
lopesrosanna,"San Francisco, CA"
lopesrosanna,Vancouver
lopesrosanna,France
lopesrosanna,Cambridge
lopesrosanna,"Ubud, Bali"
lopesrosanna,Chiang Mai
lopesrosanna,Sydney
lopesrosanna,Ljubljana
lopesrosanna,Hallstatt
lopesrosanna,Salzburg
lopesrosanna,Munich
lopesrosanna,Berlin
lopesrosanna,Split
lopesrosanna,Berlin
lopesrosanna,Sydney
lopesrosanna,Byron Bay
lopesrosanna,Chiang Mai
lopesrosanna,Barcelona
lopesrosanna,Lido di Jesolo
lopesrosanna,Berlin
lopesrosanna,Amalfi
lopesrosanna,Naples
lopesrosanna,Bari
lopesrosanna,Prague
lopesrosanna,Amsterdam
lopesrosanna,Budapest
lopesrosanna,Sydney
lopesrosanna,Tokyo
lopesrosanna,Seoul
lopesrosanna,Chiang Mai
lopesrosanna,"Canggu, Bali"
lopesrosanna,Sydney
lopesrosanna,Melbourne
lopesrosanna,Sydney
lopesrosanna,Kyoto
lopesrosanna,Tokyo
lopesrosanna,Chiang Mai
lopesrosanna,Sydney
lopesrosanna,"Ubud, Bali"
lopesrosanna,Ho Chi Minh City
lopesrosanna,Chiang Mai
lopesrosanna,Sydney
lopesrosanna,Santiago
lopesrosanna,Galápagos Islands
lopesrosanna,Baños
lopesrosanna,Sydney
lopesrosanna,Singapore
lopesrosanna,Chiang Mai
lopesrosanna,London
lopesrosanna,Rio de Janeiro
lopesrosanna,Brighton
lopesrosanna,London
lopesrosanna,Helsinki
lopesrosanna,Stockholm
lopesrosanna,Berlin
lopesrosanna,Nice
lopesrosanna,Brussels
lopesrosanna,Paris
lopesrosanna,Amsterdam
lopesrosanna,Berlin
lopesrosanna,Hamburg
lopesrosanna,Oslo
lopesrosanna,"San Francisco, CA"
lopesrosanna,"Orlando, FL"
lopesrosanna,"Dallas, TX"
lopesrosanna,Chiang Mai
lopesrosanna,Bangkok
lopesrosanna,Ko Pha Ngan
lopesrosanna,Ko Lanta
lopesrosanna,Kuala Lumpur
lopesrosanna,Chiang Mai
lopesrosanna,Bangkok
lopesrosanna,Amsterdam
lopesrosanna,Madrid
lopesrosanna,Lisbon
lopesrosanna,Athens
lopesrosanna,Malaga
lopesrosanna,Amsterdam
lopesrosanna,London
lopesrosanna,Managua
lopesrosanna,Limón
lopesrosanna,Panama City
lopesrosanna,MedellĜxadn
lopesrosanna,Oaxaca
lopesrosanna,San Cristobal de las Casas
lopesrosanna,Mexico City
lopesrosanna,Amsterdam
lopesrosanna,Lisbon
lopesrosanna,Milan
lopesrosanna,Barcelona
lopesrosanna,Madrid
lopesrosanna,Lisbon
lopesrosanna,Helsinki
lopesrosanna,Amsterdam
flowen,Lisbon
flowen,Porto
flowen,Lisbon
flowen,Amsterdam
flowen,Lisbon
flowen,Seville
flowen,Lisbon
flowen,Amsterdam
flowen,Ho Chi Minh City
flowen,Hoi An
flowen,Kuala Lumpur
flowen,Perhentian Islands
flowen,Kuala Lumpur
flowen,Malacca
flowen,Kuala Lumpur
flowen,Malaysia National Park
flowen,Kuala Lumpur
flowen,"George Town, Penang"
flowen,Langkawi
flowen,Kuala Lumpur
flowen,Goa
flowen,Mumbai
flowen,Ko Pha Ngan
flowen,Ko Lanta
flowen,Krabi
flowen,Ko Phi Phi
flowen,Phuket
flowen,Chiang Mai
flowen,Hong Kong
flowen,Macau
flowen,Hong Kong
flowen,Chiang Mai
flowen,Bangkok
flowen,Barcelona
flowen,Lisbon
flowen,Havana
flowen,Lisbon
flowen,Lamezia Terme
flowen,Tropea
flowen,Lamezia Terme
flowen,Budapest
flowen,Berlin
flowen,Budapest
flowen,Lisbon
flowen,Barcelona
flowen,Amsterdam
flowen,Montevideo
flowen,Buenos Aires
flowen,Rio de Janeiro
flowen,Armação dos Búzios
flowen,Rio de Janeiro
flowen,Amsterdam
flowen,"Sanur, Bali"
flowen,"Canggu, Bali"
flowen,Gili Air
flowen,"Canggu, Bali"
flowen,"Ubud, Bali"
flowen,Ko Tao
flowen,Ko Pha Ngan
flowen,Ko Samui
flowen,Chiang Mai
flowen,Siem Reap
flowen,Chiang Mai
flowen,Bangkok
flowen,Amsterdam
flowen,London
flowen,Amsterdam
flowen,Lisbon
flowen,Madrid
flowen,Amsterdam
flowen,Split
flowen,Milan
flowen,Barcelona
flowen,Lisbon
flowen,Naples
flowen,Barcelona
flowen,Amsterdam
flowen,Berlin
flowen,Cairo
flowen,Alexandria
flowen,Utrecht
flowen,Bangkok
flowen,Ho Chi Minh City
flowen,Nha Trang
flowen,Da Lat
flowen,Hanoi
flowen,Chiang Mai
flowen,Kuala Lumpur
flowen,"George Town, Penang"
flowen,Singapore
flowen,Athens
flowen,London
flowen,Utrecht
flowen,Sarandë
flowen,Tirana
flowen,Rotterdam
flowen,Utrecht
flowen,Kuching
flowen,Chiang Mai
flowen,Seoul
flowen,Taipei City
flowen,Hualien City
flowen,Kaohsiung
flowen,Kuala Lumpur
flowen,Pokhara
flowen,Dhaka
flowen,Kathmandu
flowen,Utrecht
sapio,Ho Chi Minh City
sapio,Kuala Lumpur
sapio,Lombok
sapio,"Canggu, Bali"
sapio,Bangkok
sapio,"Canggu, Bali"
sapio,Bangkok
sapio,Chiang Mai
sapio,Bangkok
sapio,Amsterdam
sapio,Rotterdam
sapio,Scotland
sapio,Rotterdam
sapio,Amsterdam
sapio,Tangier
sapio,Tarifa
aewickham,Seville
aewickham,Madrid
aewickham,Torrevieja
aewickham,Utrecht
aewickham,Valencia
aewickham,Torrevieja
aewickham,Rotterdam
aewickham,Utrecht
aewickham,Berlin
aewickham,Utrecht
aewickham,Berlin
aewickham,Utrecht
aewickham,"Ubud, Bali"
aewickham,Java
aewickham,Tokyo
aewickham,"Naha, Okinawa"
aewickham,Yonaguni island
bennr,Ishigaki Shi
bennr,"Naha, Okinawa"
bennr,Fukuoka
bennr,Takamatsu
vagari,Okayama
vagari,Miyajima
vagari,Kurashiki
homsweethom,Osaka
homsweethom,Nara
homsweethom,Kyoto
homsweethom,Nagoya
homsweethom,Hamamatsu
homsweethom,Shizuoka
homsweethom,Atami
homsweethom,Tokyo
homsweethom,Singapore
homsweethom,Kathmandu
homsweethom,Pokhara
homsweethom,Annapurna
homsweethom,Pokhara
homsweethom,Kathmandu
homsweethom,Singapore
homsweethom,Yangon
homsweethom,Mandalay
empireflippers,Inle Lake
empireflippers,Kalaw
empireflippers,Nyaung-U
empireflippers,Yangon
empireflippers,Bangkok
empireflippers,Ao Nang
empireflippers,Ko Samui
empireflippers,Ko Tao
empireflippers,Chiang Mai
empireflippers,Bangkok
empireflippers,Berlin
empireflippers,Hong Kong
empireflippers,Shanghai
empireflippers,Beijing
empireflippers,Montpellier
empireflippers,Barcelona
empireflippers,Copenhagen
empireflippers,Greece
empireflippers,Berlin
empireflippers,Lisbon
empireflippers,France
empireflippers,Chiang Mai
empireflippers,Bangkok
empireflippers,Graz
empireflippers,Innsbruck
empireflippers,Budapest
empireflippers,Palermo
empireflippers,"Chicago, IL"
empireflippers,"Los Angeles, CA"
empireflippers,Chiang Mai
empireflippers,Ko Lanta District
empireflippers,Bangkok
empireflippers,Ho Chi Minh City
empireflippers,"Canggu, Bali"
empireflippers,Chiang Mai
empireflippers,Hong Kong
empireflippers,Jeju Island
empireflippers,Ko Tao
empireflippers,Chiang Mai
empireflippers,Ko Tao
empireflippers,Bangkok
empireflippers,"Cleveland, OH"
mikephilipp,Oklahoma City
mikephilipp,Ho Chi Minh City
mikephilipp,Bangkok
mikephilipp,Ho Chi Minh City
mikephilipp,Hong Kong
mikephilipp,"George Town, Penang"
mikephilipp,"Ubud, Bali"
mikephilipp,Kuala Lumpur
mikephilipp,Ho Chi Minh City
mikephilipp,Puerto Galera
mikephilipp,Bangkok
mikephilipp,Oklahoma City
mikephilipp,Chiang Mai
mikephilipp,Zurich
stormfarrell,São Paulo
stormfarrell,Zurich
stormfarrell,Yokosuka
stormfarrell,Chiang Mai
stormfarrell,Bangkok
stormfarrell,Ho Chi Minh City
stormfarrell,Chiang Mai
stormfarrell,"Ubud, Bali"
stormfarrell,Chiang Mai
stormfarrell,Berlin
stormfarrell,Prague
stormfarrell,London
stormfarrell,Cusco
stormfarrell,São Paulo
stormfarrell,Bucharest
stormfarrell,La Paz
stormfarrell,Buenos Aires
stormfarrell,Montevideo
stormfarrell,Seoul
stormfarrell,ValparaĜxadso
stormfarrell,Madrid
stormfarrell,"New York City, NY"
stormfarrell,Ho Chi Minh City
stormfarrell,Hong Kong
stormfarrell,Ho Chi Minh City
stormfarrell,Singapore
stormfarrell,"Canggu, Bali"
stormfarrell,Ho Chi Minh City
stormfarrell,Da Nang
stormfarrell,Ho Chi Minh City
stormfarrell,Bangkok
stormfarrell,Ho Chi Minh City
stormfarrell,Hong Kong
stormfarrell,Ho Chi Minh City
stormfarrell,Chiang Mai
stormfarrell,Bangkok
stormfarrell,Ho Chi Minh City
stormfarrell,Siem Reap
stormfarrell,Phnom Penh
billey_b,Ho Chi Minh City
billey_b,Traverse City
billey_b,"Colorado Springs, CO"
billey_b,Bangkok
billey_b,Hong Kong
billey_b,Phuket
billey_b,Ho Chi Minh City
billey_b,Rome
billey_b,Venice
billey_b,Prague
billey_b,Paris
billey_b,Barcelona
billey_b,Ho Chi Minh City
billey_b,Hong Kong
billey_b,Ho Chi Minh City
billey_b,Manila
billey_b,Ho Chi Minh City
billey_b,Taipei
billey_b,Tokyo
billey_b,Kyoto
billey_b,Manila
billey_b,Manila
billey_b,Hong Kong
billey_b,Bangkok
billey_b,Pattaya
billey_b,Bangkok
billey_b,Bangkok
billey_b,Ko Lanta
billey_b,Ko Tao
billey_b,Surat Thani
billey_b,Chiang Mai
billey_b,Zurich
billey_b,Amsterdam
billey_b,Ko Pha Ngan
billey_b,Ko Tao
billey_b,Ko Phi Phi
billey_b,Pai
billey_b,Chiang Mai
billey_b,Bangkok
silveruby,Munich
silveruby,Garda
silveruby,Naples
silveruby,Amalfi
silveruby,Munich
silveruby,Cape Town
silveruby,Albstadt-Ebingen
silveruby,Edinburgh
silveruby,Munich
silveruby,Cape Town
silveruby,Munich
silveruby,Hamburg
silveruby,Berlin
silveruby,Albstadt
silveruby,Cape Town
silveruby,Buenos Aires
silveruby,Cape Town
sonja,Phuket
kmander,Ko Tao
kmander,Ko Pha Ngan
kmander,Ko Samui
kmander,Ko Lanta
kmander,Phuket
kmander,"Ubud, Bali"
kmander,Chiang Mai
kmander,Cape Town
kmander,Edinburgh
kmander,Glasgow
kmander,Portree
kmander,Edinburgh
kmander,Cape Town
kmander,Glasgow
kmander,Isle of Islay
simplycrazyp,Isle of Mull
simplycrazyp,Edinburgh
indi,Bordeaux
indi,Paris
indi,Amsterdam
indi,Cape Town
indi,"Seminyak, Bali"
indi,Bangkok
indi,"Palma, Mallorca"
indi,Madrid
indi,Seville
indi,London
indi,"New York City, NY"
indi,"Boston, MA"
indi,Paris
indi,Bangkok
indi,Siem Reap
indi,"Canggu, Bali"
indi,Tokyo
indi,Singapore
indi,London
indi,Lille
indi,Paris
indi,Strasbourg
indi,Dádpuszta
indi,Croatia
indi,Paris
indi,"Canggu, Bali"
indi,Cebu
indi,Ko Lanta
indi,Bangkok
indi,"Canggu, Bali"
indi,Singapore
indi,"Canggu, Bali"
indi,Budapest-
indi,Ko Tao
indi,Ko Pha Ngan
indi,Ho Chi Minh City
indi,Siem Reap
indi,Kuala Lumpur
indi,Chiang Mai
indi,London
indi,Paris
indi,Bangkok
indi,Siem Reap
nomadc_anna,"Philadelphia, PA"
nomadc_anna,Yangon
nomadc_anna,Chiang Mai
nomadc_anna,Taipei
nomadc_anna,Chiang Mai
nomadc_anna,Budapest
wendy_who,Belgrade
wendy_who,Atlantic City
wendy_who,Hong Kong
wendy_who,Bangkok
wendy_who,Ko Pha Ngan
wendy_who,Guangzhou
wendy_who,Chiang Mai
wendy_who,Hong Kong
wendy_who,Atlantic City
wendy_who,Panama City
wendy_who,San Isidro de El General
wendy_who,Chiang Mai
wendy_who,Berlin
wendy_who,London
wendy_who,Bangkok
wendy_who,Tokyo
wendy_who,"Ubud, Bali"
wendy_who,Chiang Mai
wendy_who,"Ubud, Bali"
wendy_who,Barcelona
wendy_who,Vancouver
gertburger,"Honolulu, Hawaii"
gertburger,Dublin
gertburger,London
gertburger,Bangkok
gertburger,Yogyakarta
gertburger,"Ubud, Bali"
raphaeld,Siem Reap
erikbenjamin,Chiang Mai
erikbenjamin,"New York City, NY"
erikbenjamin,"San Francisco, CA"
erikbenjamin,Barcelona
erikbenjamin,Bilbao
erikbenjamin,"Las Palmas, Canary Islands"
erikbenjamin,Chiang Mai
erikbenjamin,Hong Kong
erikbenjamin,Balangan Beach
erikbenjamin,"Ubud, Bali"
erikbenjamin,Pulukan
erikbenjamin,"Denpasar, Bali"
erikbenjamin,Osaka
erikbenjamin,Seoul
erikbenjamin,Ho Chi Minh City
erikbenjamin,Phuket
erikbenjamin,Chiang Mai
erikbenjamin,Chiang Mai
erikbenjamin,Bangkok
erikbenjamin,Bilbao
erikbenjamin,Baqueira Beret SA
erikbenjamin,Bilbao
erikbenjamin,Lisbon
erikbenjamin,Madrid
erikbenjamin,"Las Palmas, Canary Islands"
erikbenjamin,Bilbao
erikbenjamin,Budapest
erikbenjamin,Berlin
erikbenjamin,Bilbao
erikbenjamin,Copenhagen
erikbenjamin,Prague
erikbenjamin,Singapore
erikbenjamin,Ho Chi Minh City
erikbenjamin,Bangkok
erikbenjamin,Chiang Mai
erikbenjamin,Delhi
erikbenjamin,Istanbul
erikbenjamin,Zagreb
erikbenjamin,Madrid
erikbenjamin,Bilbao
erikbenjamin,"Boston, MA"
erikbenjamin,"San Francisco, CA"
erikbenjamin,"Boston, MA"
erikbenjamin,"Las Vegas, NV"
erikbenjamin,Chiang Mai
erikbenjamin,Mae Hong Son
erikbenjamin,Pai
erikbenjamin,Chiang Mai
erikbenjamin,Chiang Mai
erikbenjamin,Jeju Island
erikbenjamin,Hong Kong
erikbenjamin,Berlin
erikbenjamin,New York
erikbenjamin,London
erikbenjamin,Cape Town
erikbenjamin,Marrakesh
erikbenjamin,Mexico City
erikbenjamin,Buenos Aires
erikbenjamin,Saint Petersburg
erikbenjamin,Vienna
erikbenjamin,Venice
erikbenjamin,Paris
erikbenjamin,Barcelona
dannypostma,Plovdiv
dannypostma,Bangkok
dannypostma,Tokyo
dannypostma,Shanghai
dannypostma,"Ubud, Bali"
dannypostma,Chiang Mai
dannypostma,Sydney
dannypostma,Porto
dannypostma,Chiang Mai
dannypostma,Kuala Lumpur
dannypostma,Bangkok
dannypostma,London
dannypostma,Tofo Beach
dannypostma,Cape Town
rumpusparable,Chiang Mai
rumpusparable,Madrid
rumpusparable,"New York City, NY"
rumpusparable,Amsterdam
rumpusparable,London
rumpusparable,Madrid
rumpusparable,Leeuwarden
rumpusparable,Tel Aviv
rumpusparable,Porto
rumpusparable,Bangkok
rumpusparable,Chiang Mai
rumpusparable,Doha
rumpusparable,Amsterdam
lukekellydesign,Hong Kong
piscolomo,Shanghai
piscolomo,Warsaw
piscolomo,London
piscolomo,Seoul
piscolomo,Osaka
piscolomo,Tokyo
piscolomo,Christchurch
piscolomo,Ross
piscolomo,Richmond
piscolomo,Wellington
piscolomo,Palmerston North
piscolomo,Raglan
piscolomo,Auckland
piscolomo,"Canggu, Bali"
piscolomo,"Ubud, Bali"
piscolomo,Singapore
piscolomo,Bangkok
piscolomo,Male
piscolomo,Leeuwarden
piscolomo,Chiang Mai
piscolomo,Ko Samui
piscolomo,Kuala Lumpur
piscolomo,"George Town, Penang"
piscolomo,Luang Prabang
piscolomo,Vientiane
piscolomo,Chiang Mai
piscolomo,Taiwan
piscolomo,Bangkok
piscolomo,Chiang Mai
piscolomo,Bangkok
piscolomo,Leeuwarden
piscolomo,Denée
piscolomo,Paris
piscolomo,Leeuwarden
piscolomo,Istanbul
piscolomo,Leeuwarden
piscolomo,Tokyo
piscolomo,Santiago
piscolomo,Ibiza
piscolomo,Leeuwarden
piscolomo,Bangkok
piscolomo,Chiang Mai
piscolomo,Hanoi
piscolomo,Hội An
piscolomo,Vietnam
piscolomo,Ho Chi Minh City
piscolomo,Cambodia
piscolomo,Bangkok
piscolomo,Vancouver
piscolomo,Calgary
piscolomo,Hanoi
piscolomo,Hạ Long Bay
piscolomo,Hanoi
piscolomo,Vientiane
piscolomo,Vang Vieng
piscolomo,Luang Prabang
piscolomo,Ao Nang
piscolomo,Chiang Mai
piscolomo,Chiang Rai
piscolomo,Chiang Mai
piscolomo,Pai
piscolomo,Chiang Mai
piscolomo,Koh Chang
piscolomo,Bangkok
piscolomo,Hobart
piscolomo,Chiang Mai
piscolomo,Chiang Mai
piscolomo,Bangkok
piscolomo,Manila
piscolomo,Koror
jamalx,Darlington
jamalx,"Philadelphia, PA"
jamalx,Rockville
jamalx,Darlington
jamalx,Worcester
jamalx,Fontana Dam
jamalx,Dahlonega
jamalx,Chiang Mai
jamalx,Lima Region
jamalx,Auckland
jamalx,Kuala Lumpur
jamalx,Tokyo
jamalx,Bangkok
jamalx,Sofia
jamalx,Tel Aviv
jamalx,Aqaba
jamalx,Tel Aviv
jamalx,Bucharest
jamalx,Rome
bnary,Florence
bnary,Venice
bnary,Milan
bnary,Budapest
bnary,Prague
bnary,Brussels
bnary,Amsterdam
bnary,Berlin
bnary,Edinburgh
bnary,Cardiff
bnary,London
bnary,Paris
bnary,Ibiza
bnary,Barcelona
bnary,Madrid
bnary,Lima
bnary,Cape Town
bnary,Johannesburg
bnary,Luxor
_yuks,Cairo
_yuks,Athens
_yuks,Madrid
_yuks,Fes
_yuks,Taghazout
_yuks,Marrakesh
_yuks,Rio de Janeiro
_yuks,Porto Alegre
_yuks,Montevideo
_yuks,Colonia Department
_yuks,Buenos Aires
_yuks,Lima
_yuks,"Ubud, Bali"
_yuks,Bangkok
_yuks,Delhi
_yuks,Krabi
_yuks,Chiang Mai
_yuks,Istanbul
damiendutoit,Madrid
damiendutoit,MedellĜxadn
damiendutoit,Mexico City
damiendutoit,MedellĜxadn
damiendutoit,Bogota
damiendutoit,Cusco
damiendutoit,Piura
damiendutoit,Chiclayo
damiendutoit,Iquitos
damiendutoit,São Paulo
damiendutoit,Rio de Janeiro
damiendutoit,Montañita
damiendutoit,Guayaquil
damiendutoit,Tumbes
damiendutoit,Santiago
damiendutoit,Montevideo
damiendutoit,Buenos Aires
damiendutoit,Arequipa
damiendutoit,Bolivia
damiendutoit,Puno
damiendutoit,Quito
damiendutoit,Cusco
damiendutoit,"Tenerife, Canary Islands"
damiendutoit,Lisbon
damiendutoit,Frankfurt
damiendutoit,Cape Town
damiendutoit,Jerusalem
damiendutoit,Berlin
damiendutoit,Majorca
damiendutoit,Ibiza
damiendutoit,Frankfurt
damiendutoit,Jerusalem
damiendutoit,Prague
damiendutoit,Amsterdam
damiendutoit,Madrid
damiendutoit,Jerusalem
damiendutoit,Ho Chi Minh City
damiendutoit,"Ubud, Bali"
damiendutoit,Chiang Mai
damiendutoit,Jerusalem
damiendutoit,London
damiendutoit,Bern
damiendutoit,Salzburg
damiendutoit,Munich
damiendutoit,Cologne
damiendutoit,Cologne
damiendutoit,Haarlem
damiendutoit,Rotterdam
damiendutoit,Haarlem
cjackson,Kuala Lumpur
cjackson,Ipoh
cjackson,"George Town, Penang"
cjackson,Langkawi
cjackson,Ko Lanta
cjackson,Bangkok
cjackson,Krong Battambang
cjackson,Siem Reap
cjackson,Pai
cjackson,Chiang Mai
cjackson,Phuket
cjackson,"Los Angeles, CA"
cjackson,"San Francisco, CA"
cjackson,"Canggu, Bali"
cjackson,Ko Pha Ngan
cjackson,Ko Lanta
cjackson,Ao Nang
cjackson,Chiang Mai
cjackson,Bangkok
cjackson,Kharkiv
cjackson,Istanbul
cjackson,"San Francisco, CA"
cjackson,Guangzhou
cjackson,Seoul
cjackson,"Ubud, Bali"
cjackson,Jakarta
cjackson,"Kuta, Bali"
cjackson,Varanasi
cjackson,Thiruvananthapuram
cjackson,Durban
cjackson,Port Shepstone
cjackson,Gonubie
cjackson,"Port Elizabeth', ""Jeffrey's Bay"", 'Wilderness"
cjackson,Cape Town
cjackson,Port Elizabeth
cjackson,Cintsa East
cjackson,East London
cjackson,Port Alfred
cjackson,Port Elizabeth
cjackson,Grahamstown
cjackson,Port Elizabeth
cjackson,Jeffreys Bay
cjackson,South Cape DC
cjackson,Plettenberg Bay
cjackson,Sedgefield
cjackson,Sedgefield
harrisroberts,Swellendam
harrisroberts,Cape Town
harrisroberts,Still Bay
harrisroberts,Cape Town
harrisroberts,Bangkok
harrisroberts,Ao Nang
harrisroberts,Ko Lanta
harrisroberts,Krabi
harrisroberts,Bangkok
harrisroberts,Hanoi
harrisroberts,Hoi An
harrisroberts,Nha Trang
harrisroberts,Ho Chi Minh City
harrisroberts,Krong Preah Sihanouk
harrisroberts,Koh Rong
harrisroberts,Phnom Penh
harrisroberts,Siem Reap
harrisroberts,Bangkok
harrisroberts,Ko Pha Ngan
harrisroberts,Ko Tao
harrisroberts,Ko Pha Ngan
harrisroberts,Bangkok
harrisroberts,Tokyo
harrisroberts,Osaka
harrisroberts,Hiroshima
harrisroberts,Kyoto
harrisroberts,Tokyo
harrisroberts,Chiang Mai
harrisroberts,Bangkok
harrisroberts,Cape Town
harrisroberts,Amsterdam
harrisroberts,Groningen
harrisroberts,Rotterdam
harrisroberts,Singapore
harrisroberts,"Ubud, Bali"
harrisroberts,Jakarta
harrisroberts,Krabi
harrisroberts,Ko Lanta
harrisroberts,Chiang Mai
harrisroberts,Bangkok
harrisroberts,"Boston, MA"
harrisroberts,Montreal
harrisroberts,Berlin
harrisroberts,Munich
harrisroberts,Eggenfelden
harrisroberts,Salzburg
harrisroberts,Kaiserslautern
harrisroberts,Madeira
harrisroberts,Lisbon
harrisroberts,"St. Louis, MO"
harrisroberts,"Boston, MA"
harrisroberts,London
harrisroberts,Paris
harrisroberts,Tokyo
harrisroberts,Shanghai
harrisroberts,Colombo
harrisroberts,Hanoi
harrisroberts,Huế
harrisroberts,Hoi An
harrisroberts,Nha Trang
harrisroberts,Ho Chi Minh City
harrisroberts,Ko Lanta
harrisroberts,Kuala Lumpur
harrisroberts,Ko Lanta
harrisroberts,Bangkok
harrisroberts,Tokyo
harrisroberts,"Saint Louis, MO"
harrisroberts,Tokyo
harrisroberts,Chiang Mai
harrisroberts,Bangkok
harrisroberts,Sydney
harrisroberts,Cairns
harrisroberts,Suva
harrisroberts,Sydney
harrisroberts,"San Francisco, CA"
harrisroberts,MedellĜxadn
harrisroberts,"New York City, NY"
harrisroberts,Reykjavik
harrisroberts,Frankfurt
harrisroberts,Tannhausen
harrisroberts,Merano
harrisroberts,
harrisroberts,Ranalt
harrisroberts,Langesberg
harrisroberts,Zams
harrisroberts,Oberstdorf
harrisroberts,Tannhausen
harrisroberts,Berlin
harrisroberts,Kraków
harrisroberts,Prague
harrisroberts,Berlin
harrisroberts,Lagos
sharvit,Faro Municipality
sharvit,Sagres
sharvit,Faro Municipality
sharvit,Berlin
sharvit,Sousse Governorate
sharvit,Tunis
sharvit,Cairo
sharvit,Kuala Lumpur
sharvit,Mandalay
sharvit,Inle Lake
sharvit,Old Bagan
kerwood,Yangon
kerwood,"Ubud, Bali"
kerwood,"Canggu, Bali"
kerwood,Kuala Lumpur
kerwood,Shanghai
kerwood,Manila
kerwood,Singapore
kerwood,Manila
kerwood,Bohol
kerwood,Manila
kerwood,Bangkok
kerwood,Krabi
kerwood,Chiang Mai
kerwood,Manila
kerwood,Taipei
kerwood,Manila
kerwood,Havana
kerwood,Mexico City
kerwood,Farmington
kerwood,Dublin
kerwood,Belfast
jeffmadduxcpa,Edinburgh
jeffmadduxcpa,London
jeffmadduxcpa,Berlin
jeffmadduxcpa,Shanghai
jeffmadduxcpa,Ho Chi Minh City
jeffmadduxcpa,Hanoi
jeffmadduxcpa,Ho Chi Minh City
jeffmadduxcpa,Chiang Mai
jeffmadduxcpa,Tokyo
jeffmadduxcpa,Shanghai
jeffmadduxcpa,Budapest
jeffmadduxcpa,Belgrade
jeffmadduxcpa,Montenegro
jeffmadduxcpa,Mostar
jeffmadduxcpa,Lake Bled
jeffmadduxcpa,Vienna
jeffmadduxcpa,Bratislava
jeffmadduxcpa,Budapest
jeffmadduxcpa,Marrakesh-Tensift-El Haouz
jeffmadduxcpa,Berlin
jeffmadduxcpa,Fès-Boulemane
jeffmadduxcpa,Rabat
jeffmadduxcpa,London
jeffmadduxcpa,Providence
jeffmadduxcpa,Reykjavik
jeffmadduxcpa,"Providence, RI"
jeffmadduxcpa,Galápagos Islands
jeffmadduxcpa,Quito
jeffmadduxcpa,Hong Kong
jeffmadduxcpa,Wuhan
jeffmadduxcpa,Venice
jeffmadduxcpa,Providence
jeffmadduxcpa,Hong Kong
jeffmadduxcpa,Zhuhai
jeffmadduxcpa,Yangshuo
jeffmadduxcpa,Beijing
jeffmadduxcpa,Toronto
jeffmadduxcpa,Paris
jeffmadduxcpa,Rome
jeffmadduxcpa,Brussels
jeffmadduxcpa,London
jeffmadduxcpa,Farmington
jeffmadduxcpa,Paris
jeffmadduxcpa,Farmington
jeffmadduxcpa,Tel Aviv
jeffmadduxcpa,Kasol
jeffmadduxcpa,Jaipur
jeffmadduxcpa,Anjuna
jeffmadduxcpa,Phnom Penh
jeffmadduxcpa,Bangkok
jeffmadduxcpa,Gokarna
jeffmadduxcpa,Chiang Mai
jeffmadduxcpa,Bangkok
jeffmadduxcpa,Delhi
jeffmadduxcpa,Tel Aviv
jeffmadduxcpa,"Canggu, Bali"
jeffmadduxcpa,Kuala Lumpur
jeffmadduxcpa,Leeds
jeffmadduxcpa,Lanzarote
jeffmadduxcpa,Leeds
jeffmadduxcpa,Budapest
jeffmadduxcpa,Leeds
jeffmadduxcpa,Sorrento
jeffmadduxcpa,Leeds
jeffmadduxcpa,Hamburg
jeffmadduxcpa,Leeds
jeffmadduxcpa,Sliema
jeffmadduxcpa,Leeds
jeffmadduxcpa,Ho Chi Minh City
jeffmadduxcpa,Hanoi
jeffmadduxcpa,Siem Reap
jeffmadduxcpa,Bangkok
jeffmadduxcpa,Leeds
jeffmadduxcpa,Hong Kong
jeffmadduxcpa,Chiang Mai
jeffmadduxcpa,Kuala Lumpur
jeffmadduxcpa,"Sacramento, CA"
jeffmadduxcpa,Cabo San Lucas
howdy,"Sacramento, CA"
howdy,"San Francisco, CA"
howdy,"Austin, TX"
howdy,"Sacramento, CA"
howdy,Madrid
howdy,Malaga
howdy,Madrid
howdy,Barcelona
howdy,"Sacramento, CA"
howdy,"Monterey, CA"
howdy,Santa Ana
howdy,Bangkok
howdy,Chiang Mai
howdy,Bangkok
howdy,Santa Barbara
howdy,"San Diego, CA"
howdy,South Lake Tahoe
howdy,"Honolulu, Hawaii"
howdy,Victoria
howdy,Juneau
howdy,"Seattle, WA"
mary_oleksiuk,Santa Cruz
mary_oleksiuk,Hanoi
mary_oleksiuk,Hoi An
mary_oleksiuk,Da Nang
mary_oleksiuk,"San Francisco, CA"
mary_oleksiuk,"Seattle, WA"
mary_oleksiuk,Napa
mary_oleksiuk,South Lake Tahoe
mary_oleksiuk,"San Francisco, CA"
mary_oleksiuk,Puerto Vallarta
mary_oleksiuk,"Reno, NV"
mary_oleksiuk,"Las Vegas, NV"
mary_oleksiuk,Napa
mary_oleksiuk,Puerto Vallarta
mary_oleksiuk,"Seattle, WA"
mary_oleksiuk,Napa
mary_oleksiuk,"San Francisco, CA"
mary_oleksiuk,Lake Tahoe
mary_oleksiuk,Maui
mary_oleksiuk,"Portland, OR"
mary_oleksiuk,"Seattle, WA"
mary_oleksiuk,Berkeley
mary_oleksiuk,"Las Vegas, NV"
mary_oleksiuk,San Luis Obispo
mary_oleksiuk,Lake Tahoe
mary_oleksiuk,Lake Tahoe
mary_oleksiuk,"Reno, NV"
mary_oleksiuk,"Santa Monica, CA"
mary_oleksiuk,Patong
mary_oleksiuk,Ko Lanta
mary_oleksiuk,Ao Nang
mary_oleksiuk,Ko Phi Phi
mary_oleksiuk,Phuket
wataru,Chiang Mai
waylandchin,Phra Nakhon Si Ayutthaya
waylandchin,Bangkok
waylandchin,"San Francisco, CA"
waylandchin,"Denver, CO"
waylandchin,Cabo San Lucas
waylandchin,Mazatlan
waylandchin,Puerto Vallarta
waylandchin,"Los Angeles, CA"
waylandchin,Encinitas
waylandchin,"San Diego, CA"
felix,Carlsbad
felix,Long Beach
felix,Long Beach
felix,"Oakland, CA"
felix,Malaga
felix,Tangier
charlesdoole,Seville
charlesdoole,Marbella
charlesdoole,Majorca
charlesdoole,Madrid
charlesdoole,"San Francisco, CA"
charlesdoole,Chiang Mai
charlesdoole,Bangkok
charlesdoole,Tokyo
charlesdoole,"San Jose, CA"
charlesdoole,Chiang Mai
charlesdoole,Hong Kong
charlesdoole,Beijing
charlesdoole,Galveston
charlesdoole,Galveston
charlesdoole,"Los Angeles, CA"
charlesdoole,"Austin, TX"
charlesdoole,"New Orleans, LA"
charlesdoole,The Bahamas
bryanpelz,"Austin, TX"
joshontheweb,"Seattle, WA"
joshontheweb,"Los Angeles, CA"
joshontheweb,"Austin, TX"
joshontheweb,The Bahamas
joshontheweb,"Detroit, MI"
joshontheweb,"Los Angeles, CA"
joshontheweb,Sydney
joshontheweb,Riga
julesmarie,Iceland
julesmarie,Wrocław
julesmarie,Vilnius-
julesmarie,Kiev
julesmarie,Sri Lanka
julesmarie,Kraków
julesmarie,Vinnytsia
julesmarie,Kraków
julesmarie,Budapest
julesmarie,Warsaw
julesmarie,Barcelona
julesmarie,Porto
julesmarie,Lisbon
julesmarie,Seville
julesmarie,Valencia
julesmarie,Barcelona
julesmarie,Milan
julesmarie,Rome
julesmarie,Florence
julesmarie,Venice
julesmarie,Milan
julesmarie,Kraków
julesmarie,Wrocław
julesmarie,Warsaw
julesmarie,Vinnytsia
julesmarie,Istanbul
julesmarie,Langkawi
danialaez,Johor Bahru
danialaez,Jakarta
danialaez,Ho Chi Minh City
danialaez,Phuket
danialaez,Hanoi
danialaez,Ho Chi Minh City
danialaez,Yingkou
danialaez,Ho Chi Minh City
danialaez,Shenzhen
meredal,Hong Kong
meredal,Zhuhai
meredal,Sanya
meredal,Phuket
meredal,Kuala Lumpur
meredal,Phnom Penh
meredal,Ho Chi Minh City
meredal,Mexico City
meredal,La Paz
meredal,"San Francisco, CA"
meredal,Ho Chi Minh City
meredal,Ho Chi Minh City
meredal,Guangzhou
meredal,Tel Aviv
meredal,Istanbul
meredal,Ho Chi Minh City
najvasol,Cebu
najvasol,Manila
najvasol,Seoul
najvasol,Jeju Island
adrianmcli,Tokyo
rodcul,Pyongyang
michal,Wellington
michal,London
han,Toulouse
han,Tehran
han,Toulouse
han,Taizé
han,Paris
han,Kolkata
legomyeggo,Bangkok
legomyeggo,Ho Chi Minh City
legomyeggo,Ko Pha Ngan
legomyeggo,Lamai Beach
legomyeggo,Phuket
legomyeggo,Singapore
legomyeggo,Melbourne
legomyeggo,Christchurch
legomyeggo,"Salt Lake City, UT"
legomyeggo,Melbourne
legomyeggo,Chiang Mai
legomyeggo,Siem Reap
legomyeggo,Ko Lanta
legomyeggo,Koh Jum
legomyeggo,Ko Lanta
legomyeggo,"Washington, DC"
legomyeggo,Fairfield
legomyeggo,"Washington, DC"
legomyeggo,"Philadelphia, PA"
legomyeggo,"New York City, NY"
legomyeggo,"Washington, DC"
legomyeggo,Noord
legomyeggo,Jan Thiel
legomyeggo,Ocean City
legomyeggo,"Washington, DC"
legomyeggo,"New York City, NY"
legomyeggo,New Smyrna Beach
legomyeggo,"Washington, DC"
legomyeggo,"Canggu, Bali"
legomyeggo,"Washington, DC"
legomyeggo,Split
legomyeggo,Bangor
legomyeggo,San Juan del Sur
legomyeggo,Moyogalpa
legomyeggo,Granada
legomyeggo,Paris
legomyeggo,Paris
legomyeggo,Seville
legomyeggo,León
legomyeggo,Pamplona
legomyeggo,Kuala Lumpur
legomyeggo,Krabi
legomyeggo,Chiang Mai
legomyeggo,Bangkok
legomyeggo,Pamplona
legomyeggo,Porto
legomyeggo,Chiang Mai
legomyeggo,Phuket
legomyeggo,Bangkok
legomyeggo,Kuala Lumpur
legomyeggo,Bangkok
legomyeggo,Oslo
legomyeggo,Barcelona
legomyeggo,Barcelona
legomyeggo,Lisbon
legomyeggo,Salem
legomyeggo,"Nashville, TN"
legomyeggo,"Washington, DC"
legomyeggo,Portland
legomyeggo,"Boston, MA"
legomyeggo,"Atlanta, GA"
legomyeggo,Phoenix
legomyeggo,Chiang Mai
legomyeggo,Ko Pha Ngan
legomyeggo,Ho Chi Minh City
legomyeggo,"Ubud, Bali"
legomyeggo,Chiang Mai
legomyeggo,Chiang Mai
legomyeggo,Chiang Mai
legomyeggo,Limassol
legomyeggo,"Ubud, Bali"
legomyeggo,Chiang Mai
legomyeggo,Sunnyvale
legomyeggo,"Las Vegas, NV"
legomyeggo,Chiang Mai
legomyeggo,Quebec City
legomyeggo,Marrakesh
legomyeggo,Sliema
legomyeggo,Milan
legomyeggo,Budapest
legomyeggo,Sliema
legomyeggo,Athens
legomyeggo,Santorini
legomyeggo,Sliema
legomyeggo,Rome
legomyeggo,Sliema
legomyeggo,Turin
legomyeggo,Monaco
legomyeggo,Sliema
legomyeggo,Milan
legomyeggo,"Denver, CO"
legomyeggo,"Seattle, WA"
legomyeggo,Sliema
legomyeggo,Innsbruck
legomyeggo,Sliema
legomyeggo,Chamonix
legomyeggo,"Sliema', ""Cortina d'Ampezzo"", 'Sliema"
legomyeggo,La Thuile
legomyeggo,Sliema
legomyeggo,Florence
legomyeggo,Sliema
legomyeggo,Bormio
legomyeggo,Sliema
legomyeggo,St. Moritz
legomyeggo,Sliema
legomyeggo,Courmayeur
legomyeggo,Sliema
legomyeggo,Brussels
legomyeggo,Sliema
legomyeggo,"Boston, MA"
legomyeggo,Sliema
legomyeggo,Gressoney-Saint-Jean
legomyeggo,Sliema
legomyeggo,Vilnius
legomyeggo,Sliema
legomyeggo,Turin
legomyeggo,Sliema
legomyeggo,Rome
legomyeggo,Sliema
legomyeggo,Mont Blanc
legomyeggo,Sliema
legomyeggo,Capri
indienomad,Sliema
indienomad,"Boston, MA"
indienomad,Sliema
tuckertriggs,Venice
tuckertriggs,Sliema
tuckertriggs,Budapest
tuckertriggs,Sliema
tuckertriggs,Milan
tuckertriggs,Sliema
tuckertriggs,"Boston, MA"
tuckertriggs,Sliema
tuckertriggs,Frankfurt
tuckertriggs,Sliema
tuckertriggs,"Salt Lake City, UT"
tuckertriggs,Sliema
tuckertriggs,Cape Town
tuckertriggs,Sliema
tuckertriggs,"Boston, MA"
tuckertriggs,Sliema
tuckertriggs,Cape Town
tuckertriggs,"Las Vegas, NV"
tuckertriggs,"Boston, MA"
tuckertriggs,Portland
sam,Tallinn
sam,Prague
dangel,Vienna
dangel,Salzburg
kuany,Munich
kuany,Budapest
kuany,Sliema
kuany,Chiang Mai
mathewitrusthk,Chiang Mai
mathewitrusthk,Kuala Lumpur
mathewitrusthk,Chiang Mai
mathewitrusthk,Phuket
mathewitrusthk,Bangkok
mathewitrusthk,Kuala Lumpur
mathewitrusthk,Bangkok
mathewitrusthk,Oslo
mathewitrusthk,Barcelona
mathewitrusthk,Lisbon
mathewitrusthk,"Boston, MA"
mathewitrusthk,"Nashville, TN"
mathewitrusthk,"Washington, DC"
mathewitrusthk,Portland
mathewitrusthk,"Boston, MA"
mathewitrusthk,"Atlanta, GA"
mathewitrusthk,Phoenix
mathewitrusthk,"Salt Lake City, UT"
mathewitrusthk,Portland
mathewitrusthk,Paris
mathewitrusthk,Sofia
mathewitrusthk,Copenhagen
mathewitrusthk,Bangkok
mathewitrusthk,Chiang Mai
mathewitrusthk,Ko Lanta
mathewitrusthk,Ao Nang
mathewitrusthk,Ko Lanta
mathewitrusthk,Nagoya
mathewitrusthk,Kailua
mathewitrusthk,Waianae
mathewitrusthk,Kihei
vesper,Lahaina
vesper,"Salt Lake City, UT"
vesper,Grand Rapids
vesper,"Seattle, WA"
vesper,"Las Vegas, NV"
vesper,"Salt Lake City, UT"
vesper,Conway
vesper,"Boston, MA"
roconnor,Portland
roconnor,Tulum
roconnor,Playa del Carmen
roconnor,"Las Vegas, NV"
roconnor,Indonesia
roconnor,Siem Reap
roconnor,Chiang Mai
roconnor,Marbella
roconnor,"Boulder, CO"
roconnor,Stockholm
roconnor,Barcelona
roconnor,Sicily
roconnor,Greece
roconnor,Dubrovnik
roconnor,Metropolitan City of Venice
roconnor,Cairo Governorate
roconnor,Delhi
roconnor,Kathmandu
roconnor,Ko Tao
roconnor,Chiang Mai
roconnor,Shanghai
roconnor,Bangkok
roconnor,Luang Prabang
roconnor,Chiang Mai
roconnor,Yangon
roconnor,Chiang Mai
roconnor,"Canggu, Bali"
roconnor,Hong Kong
roconnor,Barcelona
roconnor,Hanoi
roconnor,Hong Kong
roconnor,Hanoi
roconnor,Hong Kong
roconnor,Taipei
roconnor,Kolkata
roconnor,Moscow
roconnor,Moscow-
roconnor,Hanoi
roconnor,Ho Chi Minh City
roconnor,Edinburgh
roconnor,"Los Angeles, CA"
roconnor,"Denver, CO"
roconnor,"New York City, NY"
roconnor,Bangkok
roconnor,Tokyo
roconnor,Sydney
roconnor,Ho Chi Minh City
roconnor,Bangkok
roconnor,Kuala Lumpur
roconnor,Ho Chi Minh City
roconnor,Hong Kong
roconnor,Edinburgh
roconnor,"Tenerife, Canary Islands"
roconnor,St-Malo
roconnor,Road Town
roconnor,Saint Peter
roconnor,"Miami, FL"
roconnor,Road Town
roconnor,New South Wales
roconnor,Road Town
roconnor,Les Deux Alpes
roconnor,Majorca
roconnor,Mayrhofen
roconnor,Dublin
roconnor,Cape Town
soyjavi,Johannesburg
soyjavi,Chiang Mai
soyjavi,"Canggu, Bali"
soyjavi,"Ubud, Bali"
soyjavi,Ko Lanta
soyjavi,Phuket
soyjavi,Liège
soyjavi,Tarifa
soyjavi,Montreal
soyjavi,Manchester
soyjavi,Browns Club
soyjavi,Lagos
soyjavi,Albufeira
soyjavi,"Honolulu, Hawaii"
soyjavi,"Santa Barbara, CA"
soyjavi,"Las Vegas, NV"
soyjavi,Tulum
ankeshkothari,Playa del Carmen
ankeshkothari,Cancun
ankeshkothari,"Los Angeles, CA"
cartogram,Salinas Canton
cartogram,Ciudad de Guayaquil
cartogram,Galápagos Islands
cartogram,Cusco
cartogram,Lima
cartogram,Progreso
cartogram,Merida
cartogram,Valladolid
cartogram,Tulum
cartogram,Cancun
cartogram,Banff
cartogram,Whistler
cartogram,"Honolulu, Hawaii"
cartogram,Kailua-Kona
cartogram,Kauai
cartogram,"Los Angeles, CA"
cartogram,Barcelona
cartogram,Long Beach
cartogram,Carpinteria
cartogram,Long Beach
cartogram,Kailua-Kona
cartogram,Perth
cartogram,Gili Air
cartogram,"Ubud, Bali"
cartogram,"Kuta, Bali"
cartogram,Kuala Lumpur
cartogram,Ho Chi Minh City
cartogram,Kuala Lumpur
cartogram,Ko Tao
cartogram,Ko Pha Ngan
cartogram,Chiang Mai
cartogram,Ko Phi Phi
cartogram,Phuket
cartogram,Milan
cartogram,Province of Ascoli Piceno
cartogram,Florence
cartogram,Zermatt
cartogram,Carpinteria
cartogram,Bend
cartogram,"Los Angeles, CA"
noah,Split
johnnyfdk,Munich
johnnyfdk,Berlin
johnnyfdk,Florence
johnnyfdk,Rome
petracca,Paris
petracca,London
petracca,"New York City, NY"
petracca,Long Beach
petracca,The Bahamas
petracca,Kailua-Kona
petracca,"New York City, NY"
petracca,Juneau
petracca,Long Beach
petracca,Chiang Mai
petracca,Bilbao
petracca,Kyoto
petracca,Hanoi
petracca,Chiang Mai
petracca,Madrid
petracca,Bilbao
petracca,Chiang Mai
petracca,Kuala Lumpur
petracca,"Ubud, Bali"
petracca,Chiang Mai
petracca,Bilbao
petracca,Madrid
petracca,Tijuana
petracca,Mexico City
petracca,Berlin
petracca,Lisbon
petracca,Chiang Mai
petracca,Bangkok
petracca,Dubai
petracca,Vancouver
petracca,Dublin
petracca,London
petracca,Dublin
petracca,Kilkenny
petracca,Toronto
petracca,Glasgow
petracca,Amsterdam
petracca,Phuket
petracca,Ko Lanta
petracca,Toronto
petracca,Montreal
petracca,Chiang Mai
petracca,Rottnest Island
petracca,Fremantle
petracca,Perth
petracca,Phuket
petracca,Ko Samui
petracca,Ko Pha Ngan
petracca,Bangkok
petracca,Phnom Penh
petracca,Koh Rong Sanloem
petracca,Koh Thmei
petracca,Phnom Penh
petracca,Siem Reap
petracca,Chiang Mai
petracca,Pai
petracca,Bangkok
petracca,Toronto
petracca,Glasgow
petracca,London
petracca,Kuala Lumpur
petracca,"George Town, Penang"
petracca,Ko Samui
petracca,Ko Tao
petracca,Railay Beach
petracca,Ao Nang
petracca,Hanoi
petracca,Louangphabang
petracca,Chiang Mai
petracca,Chiang Mai
petracca,Lisbon
petracca,Chiang Mai
petracca,Johannesburg
petracca,Johannesburg
petracca,"San Francisco, CA"
petracca,Hanoi
petracca,Sydney
petracca,Melbourne
petracca,Singapore
petracca,"San Francisco, CA"
petracca,"New York City, NY"
petracca,"Washington, DC"
petracca,White Stone
petracca,Potomac
petracca,"San Francisco, CA"
petracca,Hanoi
petracca,Danang
petracca,Hue
petracca,Hanoi
petracca,Zhangjiajie
petracca,Beijing
petracca,Shanghai
petracca,Hanoi
petracca,Taipei
petracca,Hanoi
petracca,"San Francisco, CA"
petracca,Amsterdam
petracca,Grenoble
petracca,"New York City, NY"
petracca,"San Francisco, CA"
petracca,Hanoi
petracca,Ho Chi Minh City
petracca,Hanoi
petracca,Ho Chi Minh City
petracca,Da Nang
petracca,Ho Chi Minh City
petracca,Hanoi
petracca,"San Francisco, CA"
petracca,"New York City, NY"
petracca,"San Francisco, CA"
petracca,"New York City, NY"
petracca,Hanoi
petracca,Bangkok
petracca,Hanoi
petracca,Budapest
petracca,Vienna
petracca,Split
petracca,Munich
ryanipete,Bangkok
ryanipete,Luang Prabang
ryanipete,Hanoi
ryanipete,Ho Chi Minh City
ryanipete,Hanoi
ryanipete,Siem Reap
ryanipete,Hanoi
ryanipete,Hong Kong
babsmiles_,"San Francisco, CA"
babsmiles_,Beijing
babsmiles_,Hanoi
jflaflamme,Ho Chi Minh City
petr_suska,Hanoi
petr_suska,Bangkok
petr_suska,Hanoi
petr_suska,Ho Chi Minh City
petr_suska,Hanoi
petr_suska,Ho Chi Minh City
petr_suska,Hanoi
petr_suska,Bangkok
petr_suska,Hanoi
petr_suska,Ho Chi Minh City
petr_suska,Hanoi
petr_suska,Ho Chi Minh City
petr_suska,Mui Ne
petr_suska,Da Nang
petr_suska,Hanoi
petr_suska,Tokyo
petr_suska,"San Francisco, CA"
petr_suska,"Nashville, TN"
petr_suska,"New York City, NY"
petr_suska,"Los Angeles, CA"
petr_suska,Hanoi
petr_suska,Ho Chi Minh City
m_levs,Hanoi
m_levs,Ho Chi Minh City
m_levs,Hong Kong
m_levs,Ulaanbaatar
m_levs,Singapore
m_levs,Hanoi
m_levs,Bangkok
m_levs,Helsinki
m_levs,Amsterdam
m_levs,Versano
m_levs,Negrar
m_levs,Province of Imperia
m_levs,Cáceres
m_levs,Lisbon
m_levs,Lagos
m_levs,Jerez
m_levs,Granada
m_levs,Madrid
m_levs,London
m_levs,"Ubud, Bali"
m_levs,Chiang Mai
m_levs,Krabi
m_levs,Khao Lak
m_levs,Bangkok
m_levs,Tel Aviv
m_levs,Tallinn
m_levs,Helsinki
m_levs,Helsinki
m_levs,Bangkok
m_levs,Gili Air
m_levs,"Ubud, Bali"
raoul,"Ubud, Bali"
raoul,Kota Kinabalu
raoul,"George Town, Penang"
raoul,Bangkok
raoul,Hanoi
raoul,Tokyo
raoul,"Austin, TX"
raoul,Phoenix
raoul,"San Francisco, CA"
raoul,"Boulder, CO"
raoul,Perth
raoul,Chiang Mai
raoul,Dubrovnik
raoul,Prague
raoul,Lisbon
raoul,Antigua
raoul,Playa del Carmen
raoul,"Ubud, Bali"
raoul,Ko Lanta
raoul,Chiang Mai
raoul,Siem Reap
raoul,Barcelona
raoul,Prague
raoul,Bangkok
raoul,Ko Lanta
raoul,Chiang Mai
raoul,Bangkok
raoul,"Canggu, Bali"
raoul,Bangkok
raoul,Chiang Mai
raoul,Bangkok
raoul,Prague
raoul,Budapest
raoul,Prague
raoul,"Canggu, Bali"
raoul,Ko Lanta
raoul,Dublin
raoul,"Ubud, Bali"
raoul,"Ubud, Bali"
raoul,Kuala Lumpur
raoul,Boracay
raoul,Dublin
raoul,"Ubud, Bali"
raoul,Glasgow
raoul,Manchester
raoul,London
raoul,Brussels
raoul,Amsterdam
raoul,Berlin
raoul,"Boulder, CO"
raoul,Green Bay
raoul,Waukesha
raoul,"Chicago, IL"
raoul,Chapel Hill
raoul,"Washington, DC"
raoul,Bangkok
raoul,"Kuta, Bali"
raoul,Gili Air
raoul,"Ubud, Bali"
raoul,Singapore
raoul,Kuala Lumpur
raoul,Ko Phi Phi
raoul,Ko Lanta
raoul,Krabi
raoul,Chiang Mai
raoul,Pai
raoul,Chiang Mai
raoul,Hanoi
raoul,Da Nang
raoul,Hoi An
raoul,tp. Huế
raoul,Ho Chi Minh City
raoul,Siem Reap
raoul,Bangkok
raoul,Hvide Sande
raoul,Hamburg
raoul,Hamburg
raoul,Hamburg
raoul,Dublin
raoul,Portimão
raoul,Évora
raoul,Sintra
raoul,Nazaré
raoul,Coimbra
raoul,Guarda
raoul,Porto
raoul,Hamburg
raoul,Dresden
raoul,Hamburg
raoul,Copenhagen
raoul,Malmo
raoul,Karlskrona
raoul,Gårdby Kyrka
raoul,Oskarshamn
raoul,Visby
raoul,Stockholm
raoul,Amsterdam
raoul,Nijmegen
raoul,Antwerp
raoul,Bruges
raoul,Brussels
raoul,Nijmegen
raoul,Gorinchem
raoul,Rotterdam
raoul,Hamburg
raoul,Bad Wörishofen
raoul,Staffelsee
raoul,Bad Wörishofen
raoul,Saarbrücken
raoul,Hamburg
raoul,Havelsee
raoul,Hamburg
raoul,Sievershausen
raoul,Dresden
raoul,Hamburg
raoul,"New York City, NY"
raoul,Cartagena
raoul,Minca
raoul,Santa Marta
raoul,Palomino
raoul,Cartagena
raoul,Salento
raoul,Armenia
raoul,MedellĜxadn
raoul,Havana
raoul,Vinales
raoul,Cienfuegos
raoul,Trinidad
raoul,Varadero
raoul,Havana
raoul,San José
raoul,Rivas
raoul,Dominical
raoul,Sierpe
raoul,San José
raoul,Mérida
raoul,Matagalpa
raoul,Granada
raoul,Liberia
raoul,Bijagua
raoul,La Fortuna
raoul,Alajuela
raoul,Tulum
raoul,Isla Holbox
raoul,Valladolid
raoul,Merida
raoul,Palenque
raoul,San Cristobal de las Casas
raoul,Tuxtla Gutiérrez
raoul,Punta Zicatela
raoul,Playa Zipolite
raoul,Oaxaca
raoul,Mexico City
raoul,"Los Angeles, CA"
raoul,Bakersfield
raoul,Palm Springs
raoul,Lake Havasu City
raoul,Seligman
raoul,Oljato-Monument Valley
raoul,Wahweap
raoul,Bryce Canyon
raoul,Zion National Park
raoul,"Las Vegas, NV"
raoul,Death Valley
raoul,South Lake Tahoe
raoul,Yosemite National Park
raoul,"San Francisco, CA"
raoul,"Portland, OR"
raoul,"Seattle, WA"
raoul,Qualicum Beach
raoul,Tofino
raoul,Port Alberni
raoul,Victoria
raoul,Canmore
raoul,Revelstoke
raoul,Enderby
raoul,Clearwater
raoul,Jasper
raoul,Lake Louise
raoul,Calgary
raoul,Golden
raoul,Vancouver
raoul,Hamburg
raoul,Sievershausen
raoul,Hamburg
raoul,Plakias
raoul,Mathes
raoul,Plakias
raoul,Santorini
raoul,Abela
raoul,Athens
raoul,Meteora
raoul,Athens
raoul,Bucharest
raoul,Berlin
raoul,Dresden
raoul,Kassel
raoul,Saarbrücken
raoul,Paris
raoul,Tours
raoul,La Rochelle
raoul,Lacanau
raoul,Bordeaux
raoul,Biarritz
raoul,San Sebastián
raoul,Bilbao
raoul,Liencres
raoul,Cangas de OnĜxads
raoul,Madrid
raoul,Córdoba
raoul,Granada
raoul,Seville
raoul,Cádiz
raoul,Grazalema
raoul,Ronda
raoul,Gibraltar
raoul,Tangier
raoul,Chefchaouen
raoul,Fes
raoul,Zagora
raoul,Erg Chigaga
raoul,Mhamid
raoul,Ouarzazate
raoul,Imlil
raoul,Marrakesh
raoul,Essaouira
raoul,Tafraoute
raoul,Mirleft
raoul,Agadir
raoul,La Aldea de San Nicolás
raoul,Arinaga
raoul,Almáciga
raoul,Agulo
raoul,Morro Jable
raoul,Hamburg
raoul,Dresden
raoul,Hamburg
raoul,Auckland
raoul,Opua
raoul,Auckland
raoul,Rotorua
raoul,Taupo
raoul,Wellington
raoul,Upper Moutere
raoul,Murchison
raoul,Punakaiki
raoul,Hokitika
raoul,Franz Josef Glacier
raoul,Fox Glacier
raoul,Wanaka
raoul,Queenstown
raoul,Lumsden
raoul,Milford Sound
raoul,Monowai
raoul,Owaka
raoul,Brighton
raoul,Herbert
raoul,Pigeon Bay
raoul,Christchurch
raoul,Adelaide
raoul,Woodchester
raoul,Mount Gambier
raoul,Port Campbell
raoul,Melbourne
raoul,Hobart
evolvinghumand,Grindelwald
evolvinghumand,Devonport
evolvinghumand,Melbourne
evolvinghumand,Canberra
evolvinghumand,Sydney
evolvinghumand,Newcastle
evolvinghumand,Coffs Harbour
evolvinghumand,Byron Bay
evolvinghumand,Brisbane
evolvinghumand,Mount Coolum
evolvinghumand,Seventeen Seventy
evolvinghumand,Mackay
evolvinghumand,Airlie Beach
evolvinghumand,Townsville
evolvinghumand,Cairns
alexis_ouellet,"Culik', ""Hu'u"", 'Senggigi"
alexis_ouellet,Singaraja
alexis_ouellet,Banyuwangi
alexis_ouellet,Yogyakarta
alexis_ouellet,Jakarta
alexis_ouellet,Sandakan
alexis_ouellet,Kinabatangan River
alexis_ouellet,Sepilok
alexis_ouellet,Sandakan
alexis_ouellet,Mount Kinabalu
alexis_ouellet,Kota Kinabalu
alexis_ouellet,Gunung Mulu National Park
alexis_ouellet,Kuching
alexis_ouellet,Singapore
alexis_ouellet,Malacca
alexis_ouellet,Kuala Lumpur
alexis_ouellet,Cameron Highlands
alexis_ouellet,"George Town, Penang"
alexis_ouellet,Ko Lanta
alexis_ouellet,Ao Nang
alexis_ouellet,Khao Sok National Park
alexis_ouellet,Ban Krut
alexis_ouellet,Hua Hin
alexis_ouellet,Chiang Mai
alexis_ouellet,Bangkok
alexis_ouellet,Ko Kut
alexis_ouellet,Trat
alexis_ouellet,Battambang
alexis_ouellet,Siem Reap
alexis_ouellet,Kratie
alexis_ouellet,Don Khon
alexis_ouellet,Pakse
alexis_ouellet,Phong Nha-Ke Bang National Park
alexis_ouellet,Hue
alexis_ouellet,Hoi An
alexis_ouellet,Da Lat
alexis_ouellet,Can Tho
alexis_ouellet,Ho Chi Minh City
alexis_ouellet,Puerto Princesa
alexis_ouellet,Port Barton
alexis_ouellet,Puerto Galera
alexis_ouellet,Manila
alexis_ouellet,Kagoshima
alexis_ouellet,Nagasaki
nerdtravels,Fukuoka
nerdtravels,Iki Island
nerdtravels,Hiroshima
nerdtravels,Okayama
nerdtravels,Kamikawa
nerdtravels,Osaka
nerdtravels,Kyoto
nerdtravels,Toyama
vernaillen,Matsumoto
vernaillen,Minobu
vernaillen,Chigasaki
vernaillen,Tokyo
vernaillen,Hamburg
vernaillen,"Ubud, Bali"
vernaillen,Spain
vernaillen,"New York City, NY"
vcolinau,"Boulder, CO"
vcolinau,Tidewater
vcolinau,Vancouver
vcolinau,Squamish
vcolinau,Calgary
vcolinau,Driftpile
vcolinau,Fort MacLeod
vcolinau,Calgary
sofiameli,Bradley
sofiameli,Ko Lanta
sofiameli,"Ubud, Bali"
sofiameli,"Ubud, Bali"
sofiameli,Dikwella
sofiameli,Ho Chi Minh City
sofiameli,Hanoi
sofiameli,Hong Kong
sofiameli,Saguenay
sofiameli,Kilifi
sofiameli,Nairobi
sofiameli,Kampala
sofiameli,Kigali
sofiameli,Tofo Beach
sofiameli,Tel Aviv
sofiameli,Jerusalem
sofiameli,Dahab
sofiameli,Aswan
sofiameli,Luxor
sofiameli,Cairo
sofiameli,Aqaba
sofiameli,Petra
sofiameli,Amman
sofiameli,Palolem
sofiameli,Arambol
sofiameli,Kathmandu
sofiameli,"Canggu, Bali"
sofiameli,Bansko
sofiameli,Porto
sofiameli,Lisbon
sofiameli,Rio de Janeiro
sofiameli,San Juan del Sur
sofiameli,Santa Teresa Beach
sofiameli,Cusco
sofiameli,Cuenca
sofiameli,MedellĜxadn
sofiameli,Montreal
sofiameli,Tokyo
sofiameli,Taipei
sofiameli,Singapore
sofiameli,Davao
sofiameli,Ho Chi Minh City
sofiameli,Sihanoukville
sofiameli,Siem Reap
sofiameli,Kuala Lumpur
luongj,"Canggu, Bali"
luongj,Chiang Mai
luongj,Montreal
luongj,Chiang Mai
luongj,India
luongj,Goa
luongj,Kuala Lumpur
luongj,Bangkok
luongj,Singapore
luongj,Brisbane
luongj,Chiang Mai
luongj,Chiang Mai
luongj,El Nido
luongj,Cebu
luongj,"Ubud, Bali"
luongj,Bangkok
luongj,Ghent
luongj,Munich
luongj,Ghent
luongj,Chiang Mai
luongj,Glasgow
luongj,Bournemouth
luongj,London
luongj,"Chicago, IL"
luongj,"Washington, DC"
luongj,Nassau
luongj,"Boston, MA"
luongj,"San Francisco, CA"
luongj,Moscow-
luongj,Copenhagen
luongj,Berlin
luongj,Moscow-
luongj,Ahangama
luongj,Istanbul
luongj,Moscow
luongj,Hanoi
samhogg,"Canggu, Bali"
samhogg,Kuala Lumpur
samhogg,"Canggu, Bali"
samhogg,"George Town, Penang"
samhogg,Kuala Lumpur
samhogg,"Canggu, Bali"
samhogg,Da Lat
samhogg,Ho Chi Minh
samhogg,Brunei
samhogg,"Canggu, Bali"
samhogg,Singapore
samhogg,"Canggu, Bali"
samhogg,"Ubud, Bali"
samhogg,Bangkok
samhogg,Chiang Mai
samhogg,Ko Pha Ngan
samhogg,Ko Samui
samhogg,Kuala Lumpur
samhogg,Colombo
samhogg,Kandy
samhogg,Ahangama
samhogg,Colombo
samhogg,Moscow-
samhogg,Tel Aviv
samhogg,Lisbon
samhogg,Amsterdam
samhogg,Moscow
samhogg,Moscow
samhogg,Amsterdam
samhogg,Brussels
samhogg,Moscow
samhogg,Berlin
samhogg,Tbilisi
samhogg,Limassol
samhogg,Nice
samhogg,Monaco
samhogg,"Minneapolis, MN"
samhogg,"Chicago, IL"
samhogg,Beijing
samhogg,Hong Kong
samhogg,Bangkok
samhogg,Phayao
samhogg,Lampang
samhogg,Chiang Mai
samhogg,Bangkok
samhogg,Seoul
samhogg,Sydney
jayzus,Melbourne
jayzus,Sydney
jayzus,Seoul
jayzus,"San Francisco, CA"
jayzus,"New York City, NY"
jayzus,"Portland, OR"
jayzus,"New York City, NY"
jayzus,"Miami, FL"
jayzus,Panama City
jayzus,"New York City, NY"
jayzus,Cincinnati
jayzus,"San Francisco, CA"
jayzus,"Las Vegas, NV"
jayzus,"New York City, NY"
jayzus,Paris
jayzus,Andorra la Vella
jayzus,Sitges
jayzus,Bilbao
jayzus,San Sebastián
jayzus,London
jayzus,Bangkok
jayzus,Hong Kong
jayzus,Seoul
jayzus,"Chicago, IL"
jayzus,"Las Vegas, NV"
jayzus,Auckland
jayzus,"San Francisco, CA"
jayzus,Scottsdale
jayzus,Porto
jayzus,Sliema
jayzus,Amalfi Coast
jayzus,Lisbon
jayzus,Porto
jayzus,"Boston, MA"
jayzus,"New York City, NY"
jayzus,Toronto
jayzus,Winnipeg
jayzus,"New York City, NY"
jayzus,"Boston, MA"
jayzus,Porto
jayzus,Berlin
jayzus,Brussels
jayzus,London
jayzus,Helsinki
jayzus,Hong Kong
jayzus,Chiang Mai
jayzus,Singapore
jayzus,"Ubud, Bali"
jayzus,Singapore
jayzus,Auckland
jayzus,"San Francisco, CA"
jayzus,Scottsdale
jayzus,Auckland
jayzus,Melbourne
jayzus,Auckland
jayzus,"Boston, MA"
jayzus,"Austin, TX"
jayzus,Göreme
davidmurray,Tokyo
davidmurray,Kyoto
davidmurray,Osaka
davidmurray,Fukuoka
davidmurray,Budapest
davidmurray,Vienna
davidmurray,Berlin
davidmurray,Prague
davidmurray,Vienna
davidmurray,Barcelona
davidmurray,"Las Palmas, Canary Islands"
davidmurray,"Boston, MA"
davidmurray,Auckland
davidmurray,Scottsdale
davidmurray,Singapore
davidmurray,Bangkok
davidmurray,Cambridge
davidmurray,York
davidmurray,Pitlochry
davidmurray,Edinburgh
davidmurray,Frankfurt
davidmurray,Porto
davidmurray,Taipei
davidmurray,Bangkok
davidmurray,Chiang Mai
davidmurray,Kuala Lumpur
davidmurray,Singapore
davidmurray,Munich
davidmurray,Heidelberg
davidmurray,Dusseldorf
davidmurray,Amsterdam
davidmurray,Bergen
davidmurray,Oslo
davidmurray,Tromso-
davidmurray,Les Deux Alpes
davidmurray,Lyon
davidmurray,Freiburg
davidmurray,Giessen
davidmurray,Cologne
davidmurray,Chiang Mai
davidmurray,Cebu
davidmurray,Boracay
davidmurray,Cebu
davidmurray,"Seattle, WA"
davidmurray,"San Diego, CA"
davidmurray,Bangkok
alxmhe,Zagreb
alxmhe,Split
alxmhe,Zadar
alxmhe,Pag
alxmhe,Pula
alxmhe,Split
alxmhe,Berlin
gyuri,Brussels
gyuri,Berlin
gyuri,Barcelona
kikeland,Ljubljana
kikeland,Milan
kikeland,London
agammell,Norwich
agammell,Tallinn
agammell,Frankfurt
agammell,Ko Lanta
agammell,Krabi
thewinevagabond,Kuala Lumpur
thewinevagabond,Chiang Mai
thewinevagabond,Tokyo
thewinevagabond,Phuket
thewinevagabond,Singapore
thewinevagabond,Da Nang
thewinevagabond,"Ubud, Bali"
thewinevagabond,Chiang Mai
thewinevagabond,Edinburgh
thewinevagabond,"Las Palmas, Canary Islands"
thewinevagabond,Amsterdam
thewinevagabond,Bangkok
thewinevagabond,Tokyo
thewinevagabond,Sapporo
thewinevagabond,Tokyo
thewinevagabond,Bangkok
thewinevagabond,Khanom
thewinevagabond,Bangkok
thewinevagabond,Doha
thewinevagabond,Helsinki
thewinevagabond,Edinburgh
thewinevagabond,Colombo
thewinevagabond,Chiang Mai
thewinevagabond,Bangkok
thewinevagabond,Kathmandu
thewinevagabond,Kolkata
thewinevagabond,Kolkata
thewinevagabond,Bangkok
thewinevagabond,Ho Chi Minh City
thewinevagabond,Ho Chi Minh City
thewinevagabond,Phnom Penh
thewinevagabond,Kep Province
thewinevagabond,Bangkok
thewinevagabond,Phuket
thewinevagabond,Bangkok
thewinevagabond,Kuala Lumpur
thewinevagabond,Manila
thewinevagabond,Cebu
thewinevagabond,Manila
thewinevagabond,Shanghai
thewinevagabond,Beijing
thewinevagabond,Ulaanbaatar
thewinevagabond,Irkutsk
thewinevagabond,Listvyanka
thewinevagabond,Novosibirsk
thewinevagabond,Yekaterinburg
thewinevagabond,Perm
thewinevagabond,Moscow
thewinevagabond,Istanbul
thewinevagabond,Varna
thewinevagabond,Berlin
thewinevagabond,Paris
thewinevagabond,Amsterdam
thewinevagabond,Hong Kong
thewinevagabond,Dublin
thewinevagabond,India
thewinevagabond,Siem Reap
thewinevagabond,Kuala Lumpur
thewinevagabond,Da Nang
thewinevagabond,Chiang Mai
thewinevagabond,Paris
thewinevagabond,Chiang Mai
thewinevagabond,"Ubud, Bali"
thewinevagabond,Uriangato
thewinevagabond,Ko Samui
thewinevagabond,Chiang Mai
thewinevagabond,Bangkok
thewinevagabond,Chiang Mai
thewinevagabond,Hong Kong
thewinevagabond,Rome
thewinevagabond,Barcelona
thewinevagabond,Dublin
juliet,Vancouver
juliet,Puerto Vallarta
juliet,"Los Angeles, CA"
juliet,Vancouver
juliet,Galway
juliet,Puerto Vallarta
juliet,Galway
juliet,Dublin
creativewang,Vancouver
joujiahe,"New York City, NY"
joujiahe,Vancouver
joujiahe,Puerto Vallarta
joujiahe,Vancouver
joujiahe,"Seattle, WA"
joujiahe,Vancouver
joujiahe,London
joujiahe,Galway
joujiahe,Vancouver
bengoa,Puerto Vallarta
bengoa,Guadalajara
bengoa,Puerto Vallarta
bengoa,Vancouver
bengoa,Puerto Vallarta
bengoa,Toronto
bengoa,Vancouver
bengoa,"Los Angeles, CA"
bengoa,Galway
bengoa,Berlin
bengoa,Amsterdam
bengoa,Galway
bengoa,London
bengoa,Puerto Vallarta
bengoa,"Chicago, IL"
bengoa,Mexico City
bengoa,Puerto Vallarta
bengoa,Playa del Carmen
bengoa,Havana
bengoa,Lake Atitlan
bengoa,Antigua
bengoa,"New York City, NY"
bengoa,London
bengoa,Galway
bengoa,Glasgow
bengoa,Sydney
bengoa,Cairns
bengoa,Singapore
bengoa,Kuala Lumpur
judo,Da Nang
judo,Hanoi
judo,Louangphabang
judo,Chiang Mai
judo,Bangkok
judo,"Ubud, Bali"
judo,Jakarta
judo,Pokhara
judo,Kathmandu
judo,Delhi
judo,Mumbai
judo,Goa
judo,Kochi
judo,Rasdhoo
judo,Ella
judo,Florence
judo,San Marino
judo,Venice
nicolejfu,Barcelona
nicolejfu,London
nicolejfu,Edinburgh
nicolejfu,Galway
nicolejfu,Black Rock City
nicolejfu,"San Francisco, CA"
nicolejfu,"New York City, NY"
nicolejfu,"New York City, NY"
nicolejfu,Saint Petersburg
nicolejfu,"Orlando, FL"
nicolejfu,"Austin, TX"
nicolejfu,"Fort Lauderdale, FL"
nicolejfu,"Washington, DC"
nicolejfu,Chiang Mai
nicolejfu,Palm Springs
nicolejfu,Chiang Mai
nicolejfu,Nha Trang
nicolejfu,Hoi An
nicolejfu,Da Nang
nicolejfu,Hạ Long Bay
nicolejfu,Hanoi
nicolejfu,Bangkok
nicolejfu,Chiang Mai
nicolejfu,Miaoli
nicolejfu,Taipei
nicolejfu,Taipei
nicolejfu,Chiang Mai
nicolejfu,Siem Reap
nicolejfu,Chiang Mai
nicolejfu,Hong Kong
nicolejfu,Malaga
nicolejfu,Chiang Mai
nicolejfu,Yangon
nicolejfu,Chiang Mai
nicolejfu,Luang Prabang
nicolejfu,Chiang Mai
nicolejfu,Bangkok
nicolejfu,Malaga
nicolejfu,Windhoek
nicolejfu,Victoria Falls
nicolejfu,Cape Town
nicolejfu,Lisbon
nicolejfu,Panama
nicolejfu,Ho Chi Minh City
nicolejfu,Heidelberg
nicolejfu,Geneva
nicolejfu,Edinburgh
nicolejfu,Lima
nicolejfu,Paris
nicolejfu,Dublin
nicolejfu,Cairo
nicolejfu,Amsterdam
nicolejfu,Southampton
nicolejfu,Warsaw
nicolejfu,Barcelona
nicolejfu,La Tremblade
nicolejfu,Pamplona
nicolejfu,London
nicolejfu,Phuket
nicolejfu,Bangkok
nicolejfu,Phnom Penh
nicolejfu,Chiang Mai
nicolejfu,Bangkok
nicolejfu,Bangkok
nicolejfu,Bangkok
nicolejfu,Nha Trang
nicolejfu,Ho Chi Minh City
nicolejfu,La Tremblade
nicolejfu,Pamplona
nicolejfu,Piran
nicolejfu,London
nicolejfu,"Ubud, Bali"
nicolejfu,London
nicolejfu,Toronto
nicolejfu,Bruce Peninsula National Park
nicolejfu,Toronto
nicolejfu,Mont-Tremblant
nicolejfu,Montreal
nicolejfu,"New York City, NY"
nicolejfu,Montreal
nicolejfu,"Boston, MA"
nicolejfu,"Chicago, IL"
nicolejfu,"San Francisco, CA"
nicolejfu,Calgary
nicolejfu,Jasper
nicolejfu,Banff
nicolejfu,Calgary
nicolejfu,London
nicolejfu,Singapore
nicolejfu,Bangkok
nicolejfu,"George Town, Penang"
nicolejfu,"Canggu, Bali"
nicolejfu,Singapore
nicolejfu,Brussels
nicolejfu,Budapest-
nicolejfu,Vienna-
nicolejfu,Salzburg
nicolejfu,Hart im Zillertal
nicolejfu,Munich
nicolejfu,Copenhagen
nicolejfu,Amsterdam
papermail_df,Berlin
papermail_df,Dublin
papermail_df,Glasgow
papermail_df,Skye
papermail_df,Edinburgh
papermail_df,London
papermail_df,Beirut
papermail_df,Singapore
papermail_df,Kuala Lumpur
papermail_df,"George Town, Penang"
papermail_df,Singapore
papermail_df,Montreal
papermail_df,Toronto
papermail_df,Montreal
papermail_df,"Los Angeles, CA"
papermail_df,San José
papermail_df,Montreal
papermail_df,"Boston, MA"
papermail_df,"Chicago, IL"
papermail_df,"New Orleans, LA"
papermail_df,"Portland, OR"
papermail_df,"New York City, NY"
papermail_df,Vancouver
allbombs,Banff
allbombs,Calgary
allbombs,Vancouver
allbombs,"Las Vegas, NV"
allbombs,"Park City, UT"
allbombs,"San Francisco, CA"
allbombs,"Los Angeles, CA"
allbombs,"San Diego, CA"
allbombs,"Los Angeles, CA"
allbombs,Ventura
allbombs,Marina
allbombs,Lake Tahoe
allbombs,Yosemite Village
allbombs,"San Francisco, CA"
allbombs,Napa Valley
allbombs,Shady Cove
allbombs,"Portland, OR"
allbombs,"San Francisco, CA"
allbombs,Singapore
allbombs,Sydney
allbombs,Melbourne
allbombs,Singapore
allbombs,Kaohsiung City
allbombs,Dulan County
allbombs,Hualien City
allbombs,Taipei
allbombs,Tokyo
allbombs,Singapore
allbombs,Kuala Lumpur
allbombs,"George Town, Penang"
allbombs,Da Nang
allbombs,Vientiane
allbombs,Vang Vieng
allbombs,Luang Prabang
allbombs,Chiang Mai
allbombs,Singapore
allbombs,Tokyo
allbombs,Tokyo
allbombs,Seoul
allbombs,Niseko Cho
allbombs,Singapore
allbombs,Kuala Lumpur
allbombs,Mumbai
allbombs,Singapore
allbombs,"George Town, Penang"
allbombs,Singapore
allbombs,General Santos
allbombs,Manila
allbombs,Singapore
allbombs,"Portland, OR"
allbombs,Brighton
allbombs,Copenhagen
allbombs,Berlin
allbombs,Toronto
allbombs,Mammoth Lakes
allbombs,Melbourne
allbombs,Wellington
allbombs,Sydney
allbombs,"Chicago, IL"
allbombs,"New York City, NY"
allbombs,Amsterdam
allbombs,Copenhagen
allbombs,Alkmaar
allbombs,Belgrade
allbombs,Brighton
allbombs,Vienna
allbombs,Budapest
allbombs,Helsinki
allbombs,Cornwall
allbombs,Aberdeen
allbombs,Vancouver
allbombs,Chiang Mai
allbombs,Bangkok
allbombs,Ho Chi Minh City
courtney,Da Nang
courtney,Ho Chi Minh City
skoczen,Vancouver
skoczen,Bangkok
skoczen,"Canggu, Bali"
skoczen,Yogyakarta
skoczen,"Canggu, Bali"
skoczen,Uluwatu Temple
skoczen,"Canggu, Bali"
skoczen,Jakarta
ingodibella,Denpasar City
ingodibella,Singapore
xixa,"Canggu, Bali"
mrdanielschwarz,Jakarta
mrdanielschwarz,"Canggu, Bali"
mrdanielschwarz,Singapore
mrdanielschwarz,Jakarta
mrdanielschwarz,Bandung
mrdanielschwarz,Yogyakarta
mrdanielschwarz,"Ubud, Bali"
mrdanielschwarz,Bangkok
mrdanielschwarz,Vancouver
mrdanielschwarz,Ibiza
mrdanielschwarz,Madrid
mrsergejl,Toronto
mrsergejl,Vancouver
mrsergejl,Bowen Island
mrsergejl,Vancouver
mrsergejl,Charlottetown
mrsergejl,Vancouver
mrsergejl,"Los Angeles, CA"
mrsergejl,Vancouver
mrsergejl,Tokyo
mrsergejl,Kyoto
mrsergejl,Osaka
mrsergejl,Bangkok
mrsergejl,Singapore
mrsergejl,Ko Lanta
mrsergejl,Bangkok
iramalama,Singapore
iramalama,Bangkok
iramalama,Kuala Lumpur
iramalama,Jakarta
iramalama,Yogyakarta
iramalama,Jakarta
iramalama,Ulu Watu Beach
iramalama,"Ubud, Bali"
iramalama,"Canggu, Bali"
iramalama,Kota Kinabalu
iramalama,"Canggu, Bali"
iramalama,"Ubud, Bali"
iramalama,"Canggu, Bali"
iramalama,"Ubud, Bali"
iramalama,Kota Kinabalu
iramalama,"Canggu, Bali"
iramalama,"Kuta, Bali"
iramalama,Dösselbuschberg
iramalama,Barcelona
iramalama,Plakias
iramalama,Heraklion
iramalama,Budapest
iramalama,Province of Trieste
iramalama,Lake Bled
iramalama,Dubrovnik
iramalama,Hvar
iramalama,Split
iramalama,"San Francisco, CA"
iramalama,Palm Springs
iramalama,San Clemente
iramalama,"Santa Monica, CA"
iramalama,"Los Angeles, CA"
iramalama,Palm Springs
iramalama,Bangkok
iramalama,Melbourne
iramalama,Auckland
iramalama,Kyoto
iramalama,Ho Chi Minh City
iramalama,Bangkok
iramalama,"Los Angeles, CA"
iramalama,Kigali
iramalama,Madrid
iramalama,MedellĜxadn
iramalama,Bangkok
iramalama,Chiang Mai
iramalama,Bangkok
iramalama,Bangkok
iramalama,Oslo
iramalama,Gdansk
iramalama,London
iramalama,Vilnius
iramalama,Riga
iramalama,London
iramalama,Skopje
agermanidis,London
agermanidis,Lisbon
agermanidis,Barcelona
agermanidis,Cape Town
agermanidis,Kuala Lumpur
agermanidis,Bangkok
agermanidis,"Ubud, Bali"
agermanidis,Amsterdam
agermanidis,Berlin
agermanidis,Hong Kong
agermanidis,"Canggu, Bali"
agermanidis,Bangkok
agermanidis,Taghazout
kalitherapy,Hamburg
kalitherapy,Dortmund
kalitherapy,Chiang Mai
kalitherapy,Bangkok
kalitherapy,Hamburg
kalitherapy,Kiev
kalitherapy,Cluj
kalitherapy,Sibiu
kalitherapy,Bucharest
kalitherapy,Wrocław
kalitherapy,Kraków
kalitherapy,Hamburg
kalitherapy,Frankfurt
kalitherapy,Tampa
kalitherapy,Porto
brrrger,Évoramonte
brrrger,Lisbon
brrrger,Zagreb
brrrger,Dubrovnik
brrrger,Podgorica
brrrger,Sarajevo
brrrger,Belgrade
brrrger,Bangkok
brrrger,Chiang Mai
brrrger,Surabaya
brrrger,Seoul
brrrger,Tampa
gustav,"Miami, FL"
gustav,Leiden
gustav,Amsterdam
gustav,London
namtng,Vienna
namtng,Budapest
namtng,Bratislava
namtng,Prague
namtng,Berlin
namtng,Chiang Mai
desirai,Belitung
desirai,Jakarta
desirai,Kolkata
desirai,"George Town, Penang"
desirai,Saint Petersburg
desirai,Ankara
desirai,Istanbul
desirai,Batam
desirai,"Kuta, Bali"
desirai,Labuan Bajo
desirai,Ende Sub-District
desirai,Kelimutu
desirai,Maumere
desirai,"George Town, Penang"
desirai,Singapore
desirai,Kathmandu
desirai,Palembang
desirai,Cancun
desirai,Canberra
desirai,Geelong
desirai,Perth
desirai,Kuala Lumpur
desirai,Berlin
desirai,Buenos Aires
desirai,Lisbon
desirai,Athens
desirai,"New York City, NY"
desirai,Tokyo
desirai,Bangkok
desirai,Wellington
desirai,Rio de Janeiro
desirai,Barcelona
desirai,Rotterdam
desirai,Berlin
desirai,Athens
desirai,Montreal
desirai,Burlington
desirai,"Washington, DC"
desirai,Burlington
desirai,"Boston, MA"
desirai,Burlington
marchurley,Montreal
marchurley,Burlington
marchurley,"Washington, DC"
marchurley,Montreal
marchurley,"Washington, DC"
marchurley,Bangkok
marchurley,"Washington, DC"
marchurley,Puerto Vallarta
marchurley,Halifax
marchurley,Osaka
marchurley,Bangkok
marchurley,"George Town, Penang"
marchurley,Langkawi Island
marchurley,Kuala Lumpur
marchurley,Johor Bahru
marchurley,Bangkok
marchurley,Bangkok
marchurley,Ho Chi Minh City
marchurley,Bangkok
marchurley,Kuala Lumpur
marchurley,Manila
marchurley,Gothenburg
marchurley,"Ubud, Bali"
marchurley,Bandung
marchurley,Bangkok
marchurley,Copenhagen
marchurley,"Las Palmas, Canary Islands"
marchurley,Hanoi
marchurley,Dortmund
marchurley,Bangkok
marchurley,Ho Chi Minh City
marchurley,Montreal
marchurley,Lethbridge
marchurley,Manila
marchurley,Sydney
marchurley,Guangzhou
marchurley,Hanoi
marchurley,Würzburg
marchurley,Lethbridge
marchurley,Kimberley
marchurley,Calgary
alexandrearanha,Vancouver
alexandrearanha,Hong Kong
alexandrearanha,Paris
alexandrearanha,Lethbridge
alexandrearanha,Hong Kong
alexandrearanha,Shenzhen
alexandrearanha,United Arab Emirates
alexandrearanha,Shenzhen
alexandrearanha,Hong Kong
alexandrearanha,Lisbon
alexandrearanha,Lisbon
alexandrearanha,Ho Chi Minh City
alexandrearanha,Bangkok
alexandrearanha,Cape Town
alexandrearanha,Cape Town
alexandrearanha,Montreal
alexandrearanha,Lethbridge
alexandrearanha,Halifax
alexandrearanha,Erlangen
alexandrearanha,Rome
alexandrearanha,Salzburg
alexandrearanha,Berlin
alexandrearanha,Porto
alexandrearanha,Salzburg
alexandrearanha,Berlin
alexandrearanha,Paris
alexandrearanha,Paris
alexandrearanha,Bangkok
alexandrearanha,Bangkok
alexandrearanha,"George Town, Penang"
alexandrearanha,Bangkok
alexandrearanha,"Ubud, Bali"
alexandrearanha,Taipei City
alexandrearanha,Singapore
alexandra,Taipei
alexandra,Basel
alexandra,Cairo Governorate
vladepap,Luxor
vladepap,El Gouna
vladepap,Cairo Governorate
vladepap,Basel
vladepap,Bangkok
vladepap,Basel
vladepap,London
vladepap,Wörthersee
vladepap,Wörthersee
vladepap,Basel
vladepap,Amsterdam
vladepap,Basel
vladepap,Bangkok
loukman,Taipei
loukman,Bangkok
loukman,Kathmandu
loukman,Bangkok
loukman,Taipei
loukman,Bangkok
derviskilic,Delhi
derviskilic,Basel
derviskilic,Bangkok
derviskilic,Basel
derviskilic,Dubrovnik
derviskilic,Basel
derviskilic,Bangkok
derviskilic,Kathmandu
derviskilic,Bangkok
derviskilic,Basel
derviskilic,Taipei
derviskilic,Puerto Galera
derviskilic,Manila
derviskilic,Taipei
pawel,Seoul
pawel,Taipei
pawel,Salvador
pawel,Curitiba
pawel,Istanbul
pawel,Varanasi
pawel,Rishikesh
pawel,Ajmer
pawel,Jaipur
pawel,New Delhi
pawel,Kathmandu
pawel,Pokhara
pawel,Kathmandu
clareharrison,Hanoi
clareharrison,Siem Reap
clareharrison,"Ubud, Bali"
clareharrison,Bangkok
clareharrison,"Ubud, Bali"
clareharrison,Tokyo
clareharrison,Dumaguete
clareharrison,Cebu
clareharrison,Rome
clareharrison,Florence
clareharrison,Milan
clareharrison,Oberkirch
clareharrison,São Paulo
loganajelliott,São Paulo
ggeorgiev,Cusco
ggeorgiev,Santiago
rorymcdougall,Curitiba
rorymcdougall,São Paulo
rorymcdougall,"San Francisco, CA"
rorymcdougall,São Paulo
rorymcdougall,Mexico City
rorymcdougall,São Paulo
bryanseversky,New York City
bryanseversky,"Ubud, Bali"
bryanseversky,Sydney
bryanseversky,"Ubud, Bali"
bryanseversky,Hong Kong
patrick_nilsen,"Ubud, Bali"
patrick_nilsen,Brisbane
patrick_nilsen,Sydney
patrick_nilsen,Melbourne
patrick_nilsen,Brisbane
patrick_nilsen,Alstonville
patrick_nilsen,Geneva
orenkurve,Charleroi
orenkurve,Malaga
orenkurve,Ostend
jonnylroberts,San Salvador
jonnylroberts,Geneva
jonnylroberts,Seoul
jonnylroberts,Hong Kong
jonnylroberts,Kuala Lumpur
jonnylroberts,"Ubud, Bali"
peterzen,Kuala Lumpur
peterzen,Rabat
peterzen,Barcelona
peterzen,Istanbul
peterzen,Berlin
carlaiau,Istanbul
carlaiau,Berlin
carlaiau,Darmstadt
carlaiau,Barcelona
carlaiau,Berlin
carlaiau,Darmstadt
carlaiau,Bangkok
carlaiau,"Ubud, Bali"
carlaiau,Jakarta
carlaiau,"Ubud, Bali"
carlaiau,Ko Samui
carlaiau,MedellĜxadn
carlaiau,Panama City
carlaiau,Lodz
heleneschmit,"Canggu, Bali"
heleneschmit,Kuala Lumpur
heleneschmit,Belgrade
heleneschmit,Limassol
heleneschmit,Larnaca
rabourn,Yogyakarta
rabourn,Odesa
rabourn,Lodz
rabourn,"Ubud, Bali"
rabourn,Frankfurt
rabourn,Ko Lanta District
rabourn,Puerto Vallarta
rabourn,"Ubud, Bali"
rabourn,Singapore
rabourn,"Ubud, Bali"
rabourn,Sydney
rabourn,Kuala Lumpur
rabourn,Ko Lanta
rabourn,Chiang Mai
rabourn,Mumbai
rabourn,Toulouse
rabourn,London
rabourn,"Ubud, Bali"
rabourn,"Ubud, Bali"
rabourn,Lviv
rabourn,"Ubud, Bali"
rabourn,"Ubud, Bali"
rabourn,Bangkok
rabourn,Horsham
coracle,"Washington, DC"
coracle,"New York City, NY"
coracle,Horsham
coracle,"Ubud, Bali"
coracle,"Los Angeles, CA"
coracle,Santa Teresa Beach
coracle,Mexico City
coracle,"San Francisco, CA"
coracle,"Ubud, Bali"
coracle,Melbourne
coracle,Bangkok
coracle,Ko Pha Ngan
coracle,Ko Tao
coracle,Bangkok
coracle,Melbourne
coracle,"Canggu, Bali"
johnclema,"Ubud, Bali"
johnclema,Chiang Mai
deensel,Lombok
deensel,"Ubud, Bali"
deensel,Sydney
deensel,Sanur
deensel,Hobart
deensel,"Ubud, Bali"
deensel,Budapest
deensel,"Ubud, Bali"
deensel,Singapore
deensel,"Ubud, Bali"
deensel,Budapest
deensel,Kyoto
deensel,"Ubud, Bali"
deensel,Auckland
deensel,Melbourne
deensel,Auckland
deensel,Dunedin
deensel,Apia
deensel,Dunedin
deensel,Toronto
deensel,"Chicago, IL"
deensel,Nicoya
deensel,Toronto
deensel,"New York City, NY"
deensel,Toronto
deensel,"Ubud, Bali"
deensel,Barcelona
deensel,Annecy
deensel,Biarritz
deensel,"Ubud, Bali"
deensel,Dubai
deensel,Dubai
deensel,Dahab
deensel,Dubai
deensel,Dahab
deensel,Dubai
deensel,Cape Town
deensel,Johannesburg
deensel,"Ubud, Bali"
deensel,Kuala Lumpur
deensel,Yangon
deensel,Bangkok
deensel,Bangkok
deensel,Yangon
deensel,Bangkok
deensel,Yangon
deensel,Bangkok
deensel,Sri Lanka
deensel,Yangon
deensel,Bangkok
deensel,Yangon
deensel,"Austin, TX"
deensel,Kampala
deensel,Kampala
deensel,"Las Palmas, Canary Islands"
deensel,Ho Chi Minh City
stnly,Cape Town
stnly,Montevideo
stnly,Cape Town
stnly,"Ubud, Bali"
stnly,Cape Town
stnly,Bogota
stnly,Kigali City
stnly,"Los Angeles, CA"
stnly,"Ubud, Bali"
stnly,Kathmandu
willows_gate,Stockholm
willows_gate,Manila
willows_gate,"Ubud, Bali"
willows_gate,Bangkok
willows_gate,Singapore
willows_gate,"Ubud, Bali"
willows_gate,Saint Petersburg
willows_gate,Moscow
willows_gate,Budva
willows_gate,Belgrade
willows_gate,Venice
willows_gate,Verona
willows_gate,Zurich
willows_gate,Geneva
willows_gate,Madrid
willows_gate,Buenos Aires
willows_gate,Santiago
willows_gate,Buenos Aires
willows_gate,Rome
willows_gate,Florence
willows_gate,Aosta
willows_gate,Milan
hennessy,Sofia
hennessy,Madrid
hennessy,Porto
hennessy,Lisbon
hennessy,Moscow
hennessy,Saint Petersburg
hennessy,Budva
hennessy,Novi Sad
hennessy,Istanbul
hennessy,Casablanca
hennessy,Madrid
hennessy,Valencia
hennessy,Barcelona
hennessy,Belgrade
hennessy,Athens
hennessy,Santorini
charlespwd,Mykonos
charlespwd,Istanbul
dinchamion,Saint Petersburg
dinchamion,Moscow
dinchamion,Hong Kong
dinchamion,Macau
dinchamion,Hong Kong
dinchamion,Seoul
dinchamion,Tainan City
dinchamion,Taipei
dinchamion,Hong Kong
llun,Singapore
llun,Kuala Lumpur
llun,Ko Samui
llun,Bangkok
llun,Milan
llun,Nice
llun,Marseille
llun,Avignon
llun,Toulouse
llun,Bordeaux
llun,Paris
llun,Podgorica
llun,Kotor
llun,Hong Kong
llun,Singapore
llun,Manila
llun,Singapore
llun,Bangkok
llun,Singapore
llun,"San Francisco, CA"
llun,Singapore
llun,Taipei
llun,"Ubud, Bali"
llun,Copenhagen
einancunlu,Porto
einancunlu,Lisbon
einancunlu,Cartagena
einancunlu,Singapore
einancunlu,Bangkok
einancunlu,Chiang Mai
einancunlu,Bangkok
einancunlu,Singapore
mistalaba,Chiang Mai
mistalaba,Bangkok
mistalaba,Siem Reap
mistalaba,tp. Huế
mistalaba,Chiang Mai
mistalaba,Cát BĜxa0 Island
mistalaba,Hanoi
mistalaba,Paris
mistalaba,Brussels
mistalaba,Copenhagen
mistalaba,Budapest
mistalaba,Amsterdam
mistalaba,Vancouver
mistalaba,"New York City, NY"
mistalaba,Dubai
mistalaba,Barcelona
mistalaba,London
mistalaba,Athens
mistalaba,Amman
whiteboardgirl,Bangkok
whiteboardgirl,Krabi
whiteboardgirl,"Canggu, Bali"
adambard,Singapore
adambard,Sydney
adambard,Gold Coast
adambard,Brisbane
adambard,Hong Kong
adambard,Taipei
adambard,"Honolulu, Hawaii"
adambard,Singapore
bobz_zg,Singapore
bobz_zg,Pécs
bobz_zg,Kuala Lumpur
bobz_zg,Pattaya
bobz_zg,Bangkok
bobz_zg,Singapore
bobz_zg,Kota Kinabalu
bobz_zg,Bangkok
bobz_zg,Pécs
bobz_zg,Reykjavik
bobz_zg,Tokyo
bobz_zg,Kyoto
bobz_zg,Osaka
bobz_zg,Tokyo
bobz_zg,Singapore
bobz_zg,Bangkok
bobz_zg,Singapore
bobz_zg,Tel Aviv
bobz_zg,Singapore
bobz_zg,Manila
bobz_zg,Singapore
bobz_zg,Bangkok
bobz_zg,Singapore
bobz_zg,Johor Bahru
bobz_zg,Singapore
bobz_zg,"Ubud, Bali"
bobz_zg,Singapore
bobz_zg,Malacca
bobz_zg,Singapore
bobz_zg,Bangkok
bobz_zg,Singapore
bobz_zg,Paris
bobz_zg,Singapore
bobz_zg,Bangkok
bobz_zg,Kuala Lumpur
bobz_zg,Singapore
bobz_zg,Phuket
loniklara,Bangkok
loniklara,Eskişehir
loniklara,Singapore
loniklara,Shenzhen
tfe_travel,Istanbul
tfe_travel,Malmo
tfe_travel,Santa EulĜxa0ria des Riu
tfe_travel,Pamplona
tfe_travel,Santa EulĜxa0ria des Riu
tfe_travel,Valencia
tfe_travel,Santa EulĜxa0ria des Riu
tfe_travel,Benalmádena
tfe_travel,Quito
tfe_travel,Galápagos Islands
tfe_travel,Quito
tfe_travel,Madrid
tfe_travel,Ibiza
tfe_travel,Madrid
tfe_travel,Sweden
tfe_travel,Bangkok
tfe_travel,Siquijor
tfe_travel,Kuala Lumpur
tfe_travel,India
tfe_travel,Spain
tfe_travel,Kuala Lumpur
tfe_travel,Paris
tfe_travel,Porto
tfe_travel,Kuala Lumpur
tfe_travel,Chiang Mai
tfe_travel,Taipei
tfe_travel,Busan
tfe_travel,Seoul
tfe_travel,Victoria
tfe_travel,London
tfe_travel,"Las Palmas, Canary Islands"
tfe_travel,Zagreb
tfe_travel,Bangkok
tfe_travel,Jakarta
tfe_travel,Kuala Lumpur
tfe_travel,Auckland
tfe_travel,Kuala Lumpur
tfe_travel,Ko Pha Ngan
tfe_travel,Ko Lanta
tfe_travel,Bangkok
tfe_travel,Chiang Mai
tfe_travel,Bangkok
tfe_travel,Jakarta
tfe_travel,Boracay
tfe_travel,Cebu
tfe_travel,Moalboal
tfe_travel,Oslob
tfe_travel,Panglao
tfe_travel,Manila
tfe_travel,Zagreb
tfe_travel,Bangkok
tfe_travel,Hanoi
tfe_travel,Ho Chi Minh City
tfe_travel,Jakarta
tfe_travel,Singapore
tfe_travel,Jakarta
tfe_travel,"Seminyak, Bali"
tfe_travel,Phuket
tfe_travel,Ao Nang
samuherek,Bangkok
samuherek,Zagreb
samuherek,Ko Samui
tvrhe,Bangkok
tvrhe,Jakarta
tvrhe,Legian
tvrhe,Kuala Lumpur
tvrhe,Patong
tvrhe,Bangkok
thelifeofjord,Bergen
thelifeofjord,Tallinn
thelifeofjord,Kuala Lumpur
thelifeofjord,Singapore
thelifeofjord,Kathmandu
thelifeofjord,Lumbini
thelifeofjord,Faizabad
thelifeofjord,Kanpur
thelifeofjord,Agra
thelifeofjord,Jaipur
thelifeofjord,Jaipur
thelifeofjord,Bikaner
thelifeofjord,Jaisalmer
thelifeofjord,Jodhpur
thelifeofjord,Udaipur
thelifeofjord,Godhra
thelifeofjord,Surat
thelifeofjord,Mumbai
thelifeofjord,Chiplun
thelifeofjord,Malvan
thelifeofjord,Benaulim
thelifeofjord,Arambol
thelifeofjord,Kochi
thelifeofjord,Bethlehem
thelifeofjord,"New York City, NY"
thelifeofjord,"Atlanta, GA"
thelifeofjord,"Fort Lauderdale, FL"
thelifeofjord,Bangkok
thelifeofjord,Vientiane
thelifeofjord,Thakhek
thelifeofjord,Kong Lor Eco Lodge
thelifeofjord,Thakhek Travel Lodge
thelifeofjord,Vientiane
thelifeofjord,Luang Prabang
thelifeofjord,Genoa
thelifeofjord,Milan
thelifeofjord,Rotterdam
thelifeofjord,Paris
thelifeofjord,Rotterdam
thelifeofjord,Berlin
thelifeofjord,"Asheville, NC"
thelifeofjord,Tokyo
thelifeofjord,Kyoto
thelifeofjord,Vietnam
thelifeofjord,Singapore
thelifeofjord,Batu Feringghi
thelifeofjord,Kuala Lumpur
thelifeofjord,Bangkok
thelifeofjord,Pattaya
thelifeofjord,Bangkok
thelifeofjord,Yangon
thelifeofjord,Old Bagan
thelifeofjord,Yangon
thelifeofjord,Bangkok
thelifeofjord,"Fort Lauderdale, FL"
thelifeofjord,Niagara Falls
thelifeofjord,Bangkok
thelifeofjord,Siem Reap
thelifeofjord,Patong
thelifeofjord,Ao Nang
thelifeofjord,Pai
thelifeofjord,Chiang Mai
thelifeofjord,Bangkok
thelifeofjord,"Los Angeles, CA"
thelifeofjord,Hanoi
thelifeofjord,"Ubud, Bali"
thelifeofjord,"Ubud, Bali"
thelifeofjord,Bangkok
thelifeofjord,Singapore
thelifeofjord,"Ubud, Bali"
thelifeofjord,The Hague
thelifeofjord,Barcelona
thelifeofjord,"Canggu, Bali"
thelifeofjord,Hanoi
thelifeofjord,Ho Chi Minh City
thelifeofjord,Manila
thelifeofjord,Dubai
thelifeofjord,Helsinki
thelifeofjord,Copenhagen
thelifeofjord,Berlin
thelifeofjord,London
thelifeofjord,Bucharest
thelifeofjord,Dubai
thelifeofjord,Dhaka
thelifeofjord,Jakarta
thelifeofjord,"Canggu, Bali"
thelifeofjord,Chiang Mai
thelifeofjord,Lyon
thelifeofjord,Bucharest
thelifeofjord,London
thelifeofjord,Mississippi
thelifeofjord,"Memphis, TN"
thelifeofjord,Birmingham
thelifeofjord,"New Orleans, LA"
thelifeofjord,Colombo
thelifeofjord,Kandy
thelifeofjord,Jaffna
thelifeofjord,Colombo
cw,Kerala
cw,Goa
cw,Mumbai
cw,Lisbon
cw,Alicante
cw,Chefchaouen
cw,Fes
cw,Marrakesh
cw,Alicante
cw,London
cw,Bangkok
cw,Siem Reap
cw,Bangkok
cw,Busan
cw,Seoul
cw,Coron Island
cw,Manila
cw,Jakarta
cw,Yogyakarta
cw,Bandung
cw,Jakarta
cw,"Ubud, Bali"
cw,Jakarta
cw,London
cw,"Ubud, Bali"
cw,Jakarta
cw,Koh Rong
cw,Siem Reap
cw,Phnom Penh
cw,Jakarta
cw,Barcelona
cw,Genoa
cw,Rome
cw,Marseille
cw,Barcelona
cw,Jakarta
cw,Hong Kong
cw,Dali
cw,Vientiane
cw,Bangkok
cw,Kuala Lumpur
cw,Singapore
cw,Jakarta
cw,"Ubud, Bali"
cw,Kota Kinabalu
cw,"Ubud, Bali"
cw,London
cw,Bangkok
cw,Palawan
cw,Cebu
cw,Manila
cw,"Ubud, Bali"
cw,Perth
cw,"Ubud, Bali"
codino,Jakarta
codino,Kuala Lumpur
codino,Ko Pha Ngan
codino,Bangkok
rxs,Colombo
rxs,Hampi
rxs,Goa
rxs,Delhi
rxs,Pokhara
rxs,Kathmandu
rxs,Darjeeling
rxs,Jaipur
rxs,Dubai
rxs,Istanbul
rxs,Budapest
rxs,Rijeka
rxs,Barcelona
rxs,Barcelona
rxs,Mijas
rxs,London
rxs,Lichfield
rxs,Glasgow
rxs,London
brianwreaves,Cogolin
brianwreaves,Nice
brianwreaves,Hong Kong
brianwreaves,Tokyo
brianwreaves,Hakone
nickyborry,Nagoya
nickyborry,Takayama
nickyborry,Himeji
nickyborry,Miyajima Island
nickyborry,Hiroshima Prefecture
nickyborry,Kyoto
nickyborry,Osaka Prefecture
nickyborry,Brisbane
nickyborry,Sydney
nickyborry,Melbourne
nickyborry,"Los Angeles, CA"
nickyborry,"San Francisco, CA"
nickyborry,Melbourne
nickyborry,Brisbane
nickyborry,"Ubud, Bali"
nickyborry,"Canggu, Bali"
nickyborry,"Ubud, Bali"
nickyborry,"Seminyak, Bali"
ivankreimer,London
ivankreimer,Lichfield
ivankreimer,Glasgow
